Research Plan: Owner Name,Research Plan: Research Plan Name,Non-Technical Abstract,Field of Science,Research Area,Plan ID,Start Date,End Date
John Harte,Disturbance Macroecology,A study of macroecological patterns in disturbed versus undisturbed ecosystems,Ecology and Evolutionary biology,Community ecology; Landscape biology; Modeling; Theory,RS2022-501,6/1/2021,4/15/2024
Carol Boggs,The role of environmental variation in population dynamics and life history,,Ecology and Evolutionary biology,Animal Behavior; Climate change; Insect biology; Long-term research; Phenology; Pollination; Species Interactions,RS2022-502,6/1/2019,4/15/2024
Nitin Ravikanthachari,SPATIAL VARIATION OF AN EXOTIC PLANT ON A NATIVE HERBIVORE,,Ecology and Evolutionary biology,Species Interactions,RS2022-503,6/1/2021,4/15/2023
Caitlin Wells,Ground squirrel reproductive phenology,,Biology,Animal Behavior; Climate change; Long-term research; Phenology; Vertebrate biology,RS2022-504,4/15/2021,4/15/2022
Diane Campbell,Long-term studies of plant evolution and demography,,Biology,Climate change; Long-term research; Plant biology; Pollination,RS2022-505,4/15/2020,4/15/2025
Brian Inouye,Long term flowering phenology,,Ecology and Evolutionary biology,Climate change; Community ecology; Insect biology; Long-term research; Phenology; Plant biology,RS2022-506,4/15/2019,4/15/2024
Matthew Winnick,Stream CO2 Concentrations and Fluxes in the East River Watershed,,Hydrology,Biogeochemistry; Hydrology; Modeling,RS2022-507,4/15/2019,4/15/2022
Rick Williams,Building Collections Resources for Research and Education at RMBL,,Ecology and Evolutionary biology,Long-term research,RS2022-508,6/1/2021,4/15/2024
Paul CaraDonna,Effects of climate and the floral resource landscape on wild bumble bees.,,Ecology and Evolutionary biology,Animal Behavior; Climate change; Community ecology; Food web biology; Insect biology; Long-term research; Phenology; Plant biology; Pollination; Species Interactions,RS2022-509,5/1/2021,4/15/2023
Howard Whiteman,Evolutionary Ecology and Conservation Biology of Amphibians,,Ecology and Evolutionary biology,Animal Behavior; Aquatic Biology; Climate change; Community ecology; Disease ecology; Food web biology; Genetics; Long-term research; Phenology; Species Interactions; Theory; Vertebrate biology,RS2022-510,4/15/2021,4/15/2022
Benjamin Blonder,Plant community response to environmental change,,Ecology and Evolutionary biology,Climate change; Community ecology; Genetics; Landscape biology; Long-term research; Modeling; Plant biology,RS2022-511,6/1/2021,4/15/2024
Dan Blumstein,The Marmots of RMBL,"The study of yellow-bellied marmots at the RMBL is the third-longest study of free-living, individually-marked mammals in the world. Over the next five years we aim to continue to collect demographic, genetic/genomic, behavioral, and endocrinological data to help develop a comprehensive view of marmot population biology and evolutionary dynamics of a variety of behavioral, physiological and life history traits. We will continue our studies of aging and senescence and hope to expand our studies of the causes and consequences of microbial diversity in the intestinal and oral microbiomes.",Ecology and Evolutionary biology,Animal Behavior; Disease ecology; Long-term research; Phenology; Vertebrate biology,RS2022-512,4/15/2017,4/15/2022
Amy Iler,Consequences of Pollinator Declines for Plant Populations,,Ecology and Evolutionary biology,Phenology; Pollination,RS2022-513,4/15/2021,4/15/2022
Carrie Wu,Plasticity of plant volatiles in response to a changing thermal environment,,Ecology and Evolutionary biology,Plant biology,RS2022-514,4/15/2021,4/15/2022
Rebecca Irwin,Effect of climate variability on bee phenology and abundance,"My five-year research plan is split across five projects. (Projects 1 and 2) Assessing how climate variability affects bee phenology and abundance and the mechanisms involved. We will add to a 10-year dataset that is addressing how climate and flowering patterns directly and indirectly affect the phenology and abundance of bees, and how bee life history traits may buffer them (or make them more susceptible) to changes in climate. This dataset is publicly available online and is well-resolved to the species level, making it an exemplary resource for not only my lab and the RMBL community but also the scientific community at large. (Project 3) Exploring the secondary chemistry of floral rewards and how particular pollen species affect bee disease. There is growing recognition that secondary compounds are not only expressed in foliar tissue, but also floral tissue and nectar and pollen rewards. We are building off a tritrophic effects framework to assess how nectar and pollen diets have indirect effects on bees by mediating host-parasite interactions. (Project 4) Investigating invasive plant biology. We will continue a long-term management project on Linaria vulgaris assessing how various management strategies affect L. vulgaris abundance and spread. (Project 5) Tick distributions in Gunnison County. Ticks are important vectors of disease transmission in humans, domesticated animals, and wildlife. We will continue monitoring tick distributions north of Almont and across an elevation gradient from Almont to Mexican Cut.",Ecology and Evolutionary biology,Animal Behavior; Climate change; Community ecology; Insect biology; Long-term research; Phenology; Plant biology; Pollination; Species Interactions,RS2022-515,6/1/2021,4/15/2025
Lara Kueppers,Climate change in subalpine forests,,Earth Systems Science,Biogeochemistry; Climate change; Community ecology; Landscape biology; Modeling,RS2022-516,6/1/2019,4/15/2024
Jeannie Stamberger,"Long-term, high-resolution ground temperature study of Colias meadii habitats",,Biology,Climate change; Insect biology; Long-term research; Modeling,RS2022-517,6/1/2021,4/15/2025
Aimee Classen,Warming and Species interactions,,Ecology and Evolutionary biology,Biogeochemistry; Climate change; Community ecology; Food web biology; Long-term research; Microbiomes; Microbiology; Modeling; Phenology; Plant biology; Soil/microbial ecology; Species Interactions,RS2022-518,6/1/2021,4/15/2025
Brian Enquist,Scaling climate change impacts across an elevational gradient,,Atmospheric Science,Climate change; Community ecology; Modeling; Plant biology; Theory,RS2022-519,4/15/2021,4/15/2022
Max Berkelhammer,Transpiration dynamics of trees at Snodgrass Mountain and Research Meadow,,Atmospheric Science,Atmospheric Science; Climate change; Hydrology; Landscape biology; Phenology,RS2022-520,5/1/2021,4/15/2023
Jill Anderson,Evolutionary consequences of climate change in Boechera stricta,,Ecology and Evolutionary biology,,RS2022-521,4/15/2021,4/15/2023
BRAD TAYLOR,Climate change effects on montane streams and wetlands,,Ecology and Evolutionary biology,Aquatic Biology; Community ecology; Disease ecology; Food web biology; Hydrology; Insect biology; Long-term research; Species Interactions; Vertebrate biology,RS2022-522,6/1/2021,4/15/2022
Erica Sarro,Foraging behavior and nest development of trap nested bumble bee queens,,Biology,Animal Behavior; Insect biology,RS2022-523,5/1/2021,4/15/2023
Amelia Litz,Ground-nesting bee phenology,,Ecology and Evolutionary biology,Climate change; Insect biology; Phenology; Pollination,RS2022-524,4/1/2022,4/15/2024
Timberley Roane,Elucidating the microbial ecology of the Mount Emmons Fen System,,Biology,Biogeochemistry; Microbiomes; Microbiology; Soil/microbial ecology,RS2022-525,6/1/2021,4/15/2023
Ward Watt,Molecular evolution of Colias butterflies,,Ecology and Evolutionary biology,Genetics; Insect biology,RS2022-526,6/1/2020,4/15/2025
Kaysee Arrowsmith,Plant-pollinator rewiring across a spatial gradient,,Ecology and Evolutionary biology,Community ecology; Pollination; Species Interactions,RS2022-527,6/1/2021,4/15/2023
Sébastien Rivest,Causes and consequences of pollen defense,,Biology,Insect biology; Microbiology; Plant biology; Pollination,RS2022-528,4/15/2021,4/15/2022
Kailen Mooney,Community ecology of plant-insect interactions,[I'm submitting this for my Helianthella project],Ecology and Evolutionary biology,Animal Behavior; Climate change; Community ecology; Food web biology; Insect biology; Pollination; Species Interactions,RS2022-529,4/15/2021,4/15/2022
Maggie Wagner,Boechera stricta microbiome evolution,,Ecology and Evolutionary biology,Genetics; Microbiomes; Plant biology; Soil/microbial ecology,RS2022-530,4/15/2021,4/15/2022
Li Li,Water at Coal Creek,,Earth Systems Science,Biogeochemistry; Climate change; Geology; Hydrology; Modeling; Snow Science; Theory,RS2022-531,8/1/2020,4/15/2025
Jacquelyn Fitzgerald,Quantifying intraspecific bumble bee body size variation,,Ecology and Evolutionary biology,Community ecology; Insect biology; Pollination,RS2022-532,4/15/2021,4/15/2022
Amanda Klemmer,Connections between terrestrial and freshwater ecosystems,Changes to predator and invertebrate populations alter connections of terrestrial and freshwater ecosystems.,Ecology and Evolutionary biology,Aquatic Biology; Climate change; Community ecology; Food web biology; Landscape biology,RS2022-534,4/15/2021,4/15/2022
Hamish Greig,Aquatic Ecology of High Elevation Lentic Habitats,,Ecology and Evolutionary biology,,RS2022-535,6/1/2019,4/15/2024
John Bargar,Zinc transport mechanisms from alluvium into the upper Slate River,,Atmospheric Science,,RS2022-536,4/15/2020,4/15/2023
Kenneth Whitney,Evolutionary Ecology of Floral Color,"Flower color is central to plant-pollinator interactions, but several outstanding questions remain. How do floral colors vary geographically, i.e. across elevations or between habitats? What are the roles of abiotic agents (e.g. climate) and biotic agents (e.g. pollinators) in shaping floral colors within communities and across gradients? Has climate change shifted the timing or composition of floral colors presented to pollinators? The proposed research will attempt to answer these and other questions by expanding a database of floral spectra from flowering species in the RMBL area (currently at 212 species). This database can be used to estimate both 'raw' and pollinator-relevant measures of color for each plant species, which in turn can be connected to other RMBL datasets and ongoing experiments (e.g. phenology datasets, snowmelt manipulation experiments, and vegetation surveys) to answer the specific questions.",Ecology and Evolutionary biology,Climate change; Plant biology; Pollination; Species Interactions,RS2022-537,4/15/2018,4/15/2023
Josh Grinath,Chronic low-level nitrogen deposition effects on a plant-arthropod community,,Ecology and Evolutionary biology,Animal Behavior; Atmospheric Science; Biogeochemistry; Climate change; Community ecology; Food web biology; Insect biology; Long-term research; Plant biology; Soil/microbial ecology; Species Interactions; Theory; Vertebrate biology,RS2022-538,6/1/2021,4/15/2023
Kristina Stinson,Ecology and impacts of non-native mustards in alpine ecosystems,,Ecology and Evolutionary biology,,RS2022-539,4/15/2016,4/15/2021
Anna Grinath,Learning to Participate in the Specialized Practices of a Science Community,,Other,,RS2022-540,6/1/2021,4/15/2022
Alison Brody,The importance of pollen theft to plant reproductive success.,"The importance of pollen theft to reproductive success in Polemonium foliosissimum. Over 75% of the flowering plants in temperate regions are pollinated by insects, and the evolution of floral traits has most often been attributed to attracting pollinators. Plants reward their mutualist pollinators primarily with nectar and pollen. Yet, not all insects that utilize nectar and pollen for food are pollinators. Here, I wish to examine how pollen thieves ? small flies in the family Muscidae ? affect reproductive success in the sub-alpine plant, Polemonium foliosissimum (commonly called ?sticky polemonium?). When watching these flies, one can see that they often completely strip the anthers of pollen and they don?t pollinate the plant. In addition to robbing the plant of pollen, they may render plants functionally female (i.e., removing much of their male gametes) and alter sex-ratios for a sticky polemonium which has an unusual mating system whereby some plants are typical hermaphrodites and others don?t produce pollen. Thus, these pollen thieves may have important consequences in enhancing pollen limitation for both females and hermaphrodites, altering sex ratios and, ultimately, affecting the ecology and evolution these plants as well as others.",Ecology and Evolutionary biology,Community ecology; Pollination; Species Interactions,RS2022-541,6/1/2021,4/15/2024
Daniel Feldman,Surface Atmosphere Integrated Field Laboratory,"Water resources from the Colorado River have been dwindling over the past 100 years. We want to develop robust models to predict how water resources will change in the next few decades but need to know how all of the physical processes, from the bedrock through the surface and into the atmosphere, interact in the mountainous watersheds to produce streamflow. The Surface Atmosphere Integrated Field Laboratory (SAIL) campaign is a targeted effort to measure all of the known physical processes in the atmosphere that determine the water output of these watersheds simultaneously. SAIL will work in conjunction with the Watershed Function SFA which measures all of the known surface and sub-surface physical processes, and together, these efforts will develop a set of benchmarks for predictive models for water across the American West.",Atmospheric Science,Atmospheric Science; Climate science; Meteorology; Modeling; Snow Science,RS2022-543,3/4/2021,4/15/2024
Nick Smith,Physiological drivers of ecological processes along elevational gradients,,Atmospheric Science,,RS2022-544,4/15/2020,4/15/2021
LYDIA WONG,Determinants of upper-elevation range limits in cavity-nesting bees,"In recent decades, rapid warming has altered the environmental conditions experienced by many organisms. One of the most commonly documented biological responses to warming is range shifts, in which populations shift their distributions primarily towards higher latitudes and altitudes to track areas of climatically suitable habitat. Range shifts in bees may be of particular interest. Many aspects of bee life-histories, including their development, survival, and reproduction, are directly linked to temperature; yet bees are also indirectly affected by the availability of other factors such as floral resource abundance and nest-site availability, which may themselves be affected by temperature. I am proposing two field studies that investigate the potential for upslope range shifts in cavity-nesting bees by exploring the variables that determine their upper range limits. In the first study, I ask whether the potential for range shifts in cavity-nesting bees is limited by the lack of nesting cavities at high elevations where trees and dead wood (nesting substrates) may be scarce. In the second study, I ask whether the potential for range shifts in cavity-nesting bees is limited by the short duration of periods of favorable temperatures for offspring development at high-elevations. My proposed fieldwork will combine both observational and experimental techniques to address these questions.",Ecology and Evolutionary biology,Climate change; Climate science; Community ecology; Insect biology; Phenology; Pollination,RS2022-547,1/11/2021,4/15/2023
James Den Uyl,Herbivorous Effects on Carbon Cycling,"Understanding the carbon cycle is of increasing importance as climate change continues to progress. Current and future warming will complicate this understanding as the carbon cycle continues to adapt to altered conditions. The ultimate fate of soil carbon, where the majority of carbon is stored in terrestrial ecosystems, is of a particular concern. This research will continue the global effort of describing how the carbon cycle may change under altered herbivory levels. Herbivory is an important but often overlooked component of the carbon cycle. The presence or absence of herbivores can alter carbon fluxes between the atmosphere and soil. Herbivores can determine if soils will become a net source or sink for CO2 through interactions with plants and soil microbes and thereby affect our efforts at modeling future climate conditions. This study will investigate the effects of herbivores along an elevational gradient on soil respiration and possible mechanisms by which this may occur. Research undertaken at the Rocky Mountain Biological Laboratory will contribute to a growing network of data collected from mountainous research areas around the world including New Zealand, Tasmania, and Argentina.",Ecology and Evolutionary biology,Climate change; Community ecology; Landscape biology; Microbiology; Phenology; Plant biology; Soil/microbial ecology; Species Interactions,RS2022-548,5/24/2021,4/15/2022
William Petry,Forecasting population dynamics in changing environments,"Effectively responding to rapid global change will require precise, accurate predictions of how ecological systems will respond. However, our current methods for modeling the performance of individuals, populations, and species are optimized to explain observed data rather than to predict future change. We will develop an ecological forecasting platform to predict the near-term population trajectories, using the long-lived plant Valeriana edulis . We will use this platform to (i) determine the forcastability & forecast limits for key metrics of individual and population performance, (ii) hone the forecast skill of models by learning from forecast errors, and (iii) measure the ability of sparse local data to predict landscape-scale patterns in plant performance.",Ecology and Evolutionary biology,Climate change; Long-term research; Modeling; Plant biology; Theory,RS2022-549,6/1/2021,4/15/2026
Conner Philson,Marmot Social Structure,"Fitness consequences of social group architecture in yellow-bellied marmots. Repeated interactions between individuals form social groups. These groups are complex systems, dynamic in their nature and pattern of interaction. A large body work has explored the consequences of dyadic interactions, and how variation in social interactions alter the makeup and structure of social groups. However, less work has explored the feedback between a social group and the individuals who comprise it. Therefore, I will explore the relationship between social architecture ? the structure and makeup of all social interactions in a social group ? and fitness. I will quantify social architecture using social network analysis and a suite of measures little used in behavioral ecology. These measures describe the connectivity, general sociability, size, reciprocity, centrality, and social homophily of a group. By using a long-studied population of yellow-bellied marmots (Marmota flaviventer) this work will provide unique insights into the adaptive value of the social group for individuals and contribute to our understanding of the evolution and maintenance of sociality.",Ecology and Evolutionary biology,Animal Behavior; Long-term research,RS2022-550,4/15/2021,4/15/2023
Corey Lawrence,Regional Assessment of Drought Impacts on Soils,"Regional Assessment of Drought Impacts on Soils: Development of an integrated soil functional mapping framework. Soils serve critical roles in most terrestrial ecosystems. In particular, the accumulation of soil organic matter is an important function supporting ecosystem productivity and serving as a feedback to climate change. With the more frequent occurrence of extensive and persistent drought conditions in the Western US, there is an urgent need to improve our ability to map soil organic matter and forecast how it may respond. To address this need, we are developing and testing an integrated framework for measurement, mapping, and modeling of soil functions at a regional scale in the East River and surrounding watersheds. This work will result in development of detailed maps of soil properties, a community accessible archive of soil samples, and an integrated framework for modeling changes in soil functions (not limited to soil organic matter storage) across the region.",Earth Systems Science,Climate change; Hydrology; Long-term research; Modeling; Soil/microbial ecology,RS2022-551,6/1/2021,4/15/2024
Inam Jameel,Addressing the adaptive potential of within-generation and transgenerational pla,"Addressing the adaptive potential of within-generation and transgenerational plasticity due to herbivory in the perennial forb, Boechera stricta",Ecology and Evolutionary biology,Genetics; Plant biology; Species Interactions,RS2022-552,6/1/2020,4/15/2024
Jared Balik,Stream flow phenology and biogeochemistry,"Effect of advancing stream peak flow hydrology on stream biogeochemistry and primary productivity Climate change is causing streams to reach their peak flows earlier due to advancing snowmelt timing and declining snowpack volume. My ongoing research aims to understand how this advancing flow phenology impacts stream nutrient cycling, primary producers, and grazing invertebrates. By studying seasonal patterns of nutrient uptake and algal accrual in streams that vary in timing of peak flow, I can use a space-for-time substitution to investigate how climate-driven advances in peak flow will alter this foundational ecosystem process and stream food webs.",Biology,Aquatic Biology; Biogeochemistry; Climate change; Community ecology; Food web biology; Hydrology; Species Interactions; Theory,RS2022-553,4/15/2021,4/15/2022
Ezra Levin,"Variability of aerosol, CCN, and INP in mountainous terrain","Particles in the air, called aerosols, are needed for clouds to form and produce both rain and snow. The number of these particles and their ability to form liquid droplets or ice crystals can have large impacts on when and where clouds form and how much precipitation the clouds produce. Therefore, understanding aerosol concentrations and variability is crucial in understanding and modeling their role in Earth?s hydrologic cycle. This is especially true in mountains which are a vital source of water for a large percentage of the globe and which are especially sensitive to changes in precipitation. Complex terrain can also lead to more variable aerosol concentrations, making it harder to understand how these particles will interact with clouds and affect precipitation and how this might change in the future. In this project we will set up a network of aerosol measurements around the RMBL Gothic location to measure the vertical and horizontal variability of aerosol concentrations for more than 1 year to better understand aerosol properties and their variability in this important region.",Atmospheric Science,Atmospheric Science; Climate change; Climate science; Hydrology; Meteorology; Snow Science,RS2022-554,6/1/2021,4/15/2024
David Inouye,Long-term study of wildflowers,"Long-term study of flowering abundance and phenology, plant demography, and other intriguing questions about montane species. Abstract This research focuses on understanding variation in timing and abundance of flowering in sub-alpine wildflower communities in the vicinity of RMBL, and the variation in phenology and abundance of the associated bee community. One aim of this work is to elucidate environmental variables that generate this phenological variation. Another goal is to determine the consequences of this variation for plant demography and for animals that interact with the wildflowers. There seem to be effects of climate change on flowering phenology and floral abundance at the species and community level. Side-projects include long-term work on plant demography, root phenology, hummingbird demography, insect abundance and phenology sampled with a Malaise trap, effects of a plant rust on its host, frost effects on flowers, a seed collection, and experimental reduction of deer abundance in the townsite.",Ecology and Evolutionary biology,Climate change; Community ecology; Long-term research; Phenology; Plant biology; Pollination; Species Interactions; Vertebrate biology,RS2022-557,4/15/2021,4/15/2026
Jacob Heiling,Lupine scent,"Title: Elevation-based variation in Lupinus argenteus floral scent Non-technical abstract: Like color and shape, floral scent helps plants communicate with animals. But attraction via scent is not limited to pollinators, scent can also attract herbivores and, potentially, the natural enemies of these herbivores. Likewise, even while attracting some species, scent can repel others. Thus, floral scent plays many important roles in the ecology and reproductive biology of the plants which produce it. There is enormous variation in floral scent both between and within plant species, and this holds implications for variation in the interactions between individual plants and their environments. However, variation in scent within and among plant species remains poorly understood. Some populations of silvery lupine (Lupinus argenteus) have conspicuously strong scent, while others seem completely scentless. This variation appears to depend on elevation, with populations high in the alpine zone emitting strong scent, and lower montane and sub-alpine populations emitting little if any scent, and populations at intermediate elevations exhibiting a mixture of these traits. In 2017 and 2018 we analyzed lupine scent from one sub-alpine, one alpine, and one intermediate population near RMBL. We found that these populations showed strong differences in scent characteristics, and that, in the intermediate population, some individuals produce more alpine- or subalpine-like scent characteristics. We hope to conduct further studies to try to understand which factors are important for generation this variation, what the significance of this variation is for the plants and the animals that they interact with, and whether and how climate change may affect these plant traits and their impact on their communities.",Biology,Animal Behavior; Community ecology; Plant biology; Pollination; Species Interactions,RS2022-558,4/15/2021,4/15/2023
Stephanie Kivlin,Plant and Microbial Phenology,Linking plant and microbial communities to long-term soil carbon cycling under global change over space and time,Ecology and Evolutionary biology,Biogeochemistry; Climate change; Community ecology; Long-term research; Microbiomes; Modeling; Phenology; Soil/microbial ecology; Snow Science,RS2022-559,5/1/2019,4/15/2022
Natalie Fischer,Exploring the metabolic mechanisms underlying wild bumble bee foraging behaviors,,Other,Animal Behavior; Insect biology; Pollination,RS2022-560,7/15/2020,4/15/2022
Bobbi Peckarsky,"Integrating stream research, teaching and outreach","Integrating stream research, teaching and outreach to inform advocacy by conservation organizations and influence policy makers",Biology,Aquatic Biology; Climate change; Community ecology; Insect biology; Long-term research,RS2022-561,6/1/2021,4/15/2026
Emily Mooney,Insects on Ligusticum,"Insect abundance and phenology on Ligusticum porteri Plants are targeted by a variety of insect herbivores. These herbivores vary in abundance from place to place and over time. The purpose of this project is to monitor the abundance of insects and other arthropods on the host plant Ligusticum porteri (Porter's lovage). Over the last decade, our weekly counts of insects on focal plants near RMBL have revealed important patterns of insect abundance. Specifically, aphid colonization of host plants depends on snowmelt date. Very few flowering stalks are colonized in early snowmelt years, as a function of host plant drought stress and altered interactions with aphid natural enemies. By continuing to monitor insect abundance at these populations, we will have a unique multi-year dataset of insect abundance. Such datasets can give insights into changing patterns of insect abundance.",Ecology and Evolutionary biology,Climate change; Community ecology; Phenology; Species Interactions,RS2022-562,4/15/2021,4/15/2024
Elsa Godtfredsen,"Early Snowmelt, Changing Phenology and Drought Exposure for Subalpine Plants","Early Snowmelt, Changing Phenology and Increased Drought Exposure: Consequences for Plant Survival and Reproduction of Four Subalpine Plant Species Abstract: Snowmelt is a vital source of spring soil moisture in high elevation plant ecosystems. Climate change is causing a shift to earlier snowmelt timing which can cause changes in flowering phenology and a higher risk of drought for high elevation plant species. Drought stress represents a significant barrier to plant reproduction and can reduce plant floral characteristics and survival. The proposed project will study impacts of climate change-induced early snowmelt on a subalpine plant community at the Rocky Mountain Biological Lab in Gothic, Colorado in the summer field season of 2021. I will conduct an early snowmelt manipulation and monitor the physiology, floral characteristics, pollination, and demography of four perennial plant species from May until August. The species are from three genera and represent a gradient of phenological flower timing. I hypothesize that there will be differential effects depending on the timing of flowering of the study species. Earlier flowering species will be less effected by drought stress while later flowering species may have increased exposure to drought stress. The proposed project will produce a multi-species data frame that can be used both in further study of climate impacts and to inform management of high elevation species in the future.",Ecology and Evolutionary biology,Climate change; Phenology; Pollination; Species Interactions,RS2022-563,4/15/2021,4/15/2022
Michael Mann,Fungal Priority Effects,"The Importance of Neighbor-Driven Priority Effects for Structuring Communities of Plant Root-Associated Fungi Priority effects, in which the order of arrival of species shapes the composition of a local species assemblage, can be a prominent mechanism for structuring communities. However, empirical tests have thus far been restricted to simple, species-poor communities. Understanding how priority effects scale with species richness is important for understanding their relevance in the diverse, complex communities that commonly occur in nature. Symbioses provide a tractable system for exploring the dependence of priority effects on species richness. In particular fungal endophytes are ideal since roots of an individual plant can harbor hundreds of species of fungi. In this study, we address the question: What is the relative importance of species richness in modifying the strength of priority effects for fungal community assembly?",Ecology and Evolutionary biology,Community ecology; Microbiomes,RS2022-564,4/15/2021,4/15/2022
Gijs de Boer,SPLASH,"The Study of Precipitation, Lower Atmosphere and Surface for Hydrometeorology (SPLASH) is a study proposed by the National Oceanic and Atmospheric Administration (NOAA) to study environmental parameters connected to weather and water over mountainous terrain. As part of this effort, we will make measurements of atmospheric properties like temperature, winds, humidity, precipitation, clouds and turbulence as well as surface properties, like snow cover, soil moisture, snow reflectivity and more. Together, these observations are meant to inform the development and evaluation of modeling tools used by the National Weather Service and other entities to provide predictions over mountainous areas. The SPLASH campaign is envisioned to take place between fall 2021 and summer 2022.",Atmospheric Science,Atmospheric Science; Climate change; Climate science; Hydrology; Long-term research; Meteorology; Modeling; Snow Science; Theory,RS2022-565,4/15/2021,4/15/2024
Michael Stemkovski,Modeling the seasonal abundance and population dynamics of solitary bees,"To predict the number of individuals of a species that are active on a landscape, it is important to understand how species? abundances change throughout a season ? we call this the phenological abundance curve. The shape of solitary bees? phenological curves are unknown, which often limits the scope of our studies to the community level. This makes it challenging to determine how factors such as climate change are affecting bee emergence phenology. This gap in knowledge is due to limits in how frequently we can sample bee destructively without affecting the very populations that we want to study. To address this gap, I will gather fine-scale time-series data on the abundance of three native, solitary bee species that are found around the RMBL. By marking bees of these species that can be identified in the field with a non-toxic paint, I will be able to overcome the challenge of measuring their populations without affecting them. I will then use these data to develop a mechanistic model to describe how emergence and mortality rates interact to shape bees? seasonal abundances. Further, I will measure how bees? foraging decisions and habitat preferences vary across space in order to more accurately estimate bee abundance. This work will allow us to examine the population dynamics and phenological responses to climate change of bee species beyond the three that are the focus of this study.",Ecology and Evolutionary biology,Climate change; Insect biology; Modeling; Phenology; Pollination; Species Interactions,RS2022-566,4/15/2021,4/15/2022
Berry Brosi,QUANTITATIVE NESTEDNESS; SNOWMELT ACCELERATION AND POLLINATION NETWORKS,"QUANTITATIVE NETWORK STRUCTURE AND FUNCTION; SNOWMELT ACCELERATION AND POLLINATION NETWORK STRUCTURE AND FUNCTION This renewal research application covers two distinct but related projects, both of them focused on pollination networks, their responses to perturbation, and the relationship between structure and function. The first project was approved by the RMBL research committee in my 2016 application, and the second project was approved as an extension in 2017. Both of these projects are collaborative efforts between PI Brosi and his graduate students Xingwen Loy and Connor Morozumi. The first project, ?Quantitative Network Structure and Function? is currently funded by NSF and has two primary objectives: A) accurately measuring of quantitative network structure (i.e. intensity of interactions) with a focus on testing predictions about quantitative structure from theoretical work we are leading; and B) comparing network structure and function (seed production across multiple plant species) in drought (2018) vs. non-drought years (2016, 2017, and 2019 hopefully!). The second project, ?Snowmelt Acceleration and Pollination Network Structure and Function?, is focused on temporally shuffling interaction partners in pollination networks via medium-scale (10 x 14 m) snowmelt acceleration experiments that are controlled and spatially replicated. The temporal re-shuffling occurs via changes in plant flowering phenology in manipulated patches, whereas we expect the pollinator community to remain relatively unchanged given that the scale of movement of individual pollinators is typically much larger than the spatial scale of our plots.",Ecology and Evolutionary biology,Community ecology; Pollination,RS2022-567,4/15/2021,4/15/2022
Ian Miller,The Flax Rust Project: The effects of climate change on plant pathogens,"The Flax Rust Project: Effects of climate change on the evolution and epidemiology of plant pathogens The potential for climate change to exacerbate the burden of human infectious diseases has been increasingly recognized, but less attention has been given to the effects of climate change on infectious diseases of plants. Plant pathogens are critical components of natural ecosystems, but also pose a serious threat to agricultural production and food security. Since the summer of 2018, the Flax Rust Project has used a wildflower native to the Rocky Mountains (Linum lewisii) and its fungal pathogen (Melampsora lini) to study how climate change might affect the ways in which infectious diseases of plants spread and evolve. The natural gradient of temperature and humidity that occurs down the slope of the mountains on which this study system occurs provides a good approximation for climate change. Previous work in the system has focused on the effects of climate change on the dynamics of the flax rust disease at within-host scales, and how such effects might modulate the population-level spread of disease. In this project plan, I detail plans for future work aimed at 1) building a long-term epidemiological data set to link climate change to disease dynamics, 2) identifying factors facilitating or limiting the spread of flax rust at the landscape scale, 3) investigating how plant immunological factors might modulate pathogen epidemiology, and 4) predicting how climate change might drive the evolution of plant pathogen aggressiveness and specificity.",Ecology and Evolutionary biology,Climate change; Disease ecology; Long-term research; Modeling; Plant biology; Species Interactions; Theory,RS2022-569,4/15/2021,4/15/2024
Megan Edic,Heritability in Female Yellow-bellied Marmot Dispersal,"Heritability in Female Yellow-bellied Marmot Dispersal Dispersal is the permanent movement of individuals from their natal home range to a location for reproduction. Dispersal is a key component in maintaining genetic variation and is viewed as an adaptive decision; however, the decision rules influencing dispersal may no longer be optimal in rapidly changing environments. Climate change creates mismatches between species? life history traits, decision rules, and the environment, and this gap may be enhanced in species whose habitats are especially sensitive to rapid changing climate. At least two processes can permit adaptive responses in a changing environment: phenotypic plasticity and/or possessing sufficient additive genetic variation to permit the evolution of a new optimal response. While a lot is known about the environmental drivers of dispersal, relatively less is known about the heritability of dispersal. Therefore, I propose to use the quantitative genetic ?animal model? to estimate the heritability of female natal dispersal in a population of yellow-bellied marmots (Marmota flaviventer). I will use archival data and collect new data to answer this question. Starting mid-April and through early September 2021, I will substantially expand the dispersal database by studying the fate of 59 females born in 2020. Previous studies of yellow-bellied marmot dispersal investigated known social, environmental and body condition factors that may explain variation. By decomposing sources of variation with the animal model, I will estimate the relative effect size of these variables and directly estimate the additive genetic variation for dispersal tendency.",Ecology and Evolutionary biology,Animal Behavior; Genetics; Long-term research; Phenology; Vertebrate biology,RS2022-570,4/15/2021,4/15/2022
Justin Bain,How the Floral Nutrient Landscape Influences Plant-Pollinator Interactions,"The Interconnecting Threads in the Web of Life: How the Floral Nutrient Landscape Influences Plant-Pollinator Interactions Abstract: Wild bumble bees are critical pollinators in both natural and agricultural ecosystems, particularly in temperate and alpine environments. They rely exclusively on food provided by plants in the form of pollen and nectar. The populations of many wild bee species, including wild bumble bees, are declining. Global pollinator declines are attributed in part to nutritional stress caused by reduced floral food diversity and abundance. Yet, we know little about most wild bumble bee species' dietary requirements and preferences despite their ecological importance. To date, a complete nutrient landscape for wild bumble bees (the nutritional composition of pollen and nectar of flowering plants in a community) has never been quantified under natural conditions. Additionally, we do not yet know how nutrients in pollen and nectar influence bumble bees' dietary choices and how nutrients influence plant-pollinator interactions. To address these knowledge gaps, my research builds on an ongoing long-term study of bumble bee foraging interactions at the RMBL by conducting (i) multiple years of bee-flower interaction observations; (ii) protein, lipid, and carbohydrate analysis of pollen and the quantification of sugar content in nectar collected from bumble bee-visited plants; and (iii) using these nutrient data to explore webs of interactions among plants and pollinators. By incorporating nutrition into the study of pollination, my research will contribute to our understanding of the basic biology of local plants and bumble bees, how the availability of nutrients for bumble bees changes over time, and how nutrients in pollen and nectar influence plant-pollinator interactions.",Ecology and Evolutionary biology,Insect biology; Plant biology; Pollination,RS2022-571,4/1/2021,4/15/2023
Mary (Cassie) Stoddard,MECHANISMS OF COLOR VISION IN HUMMINGBIRDS,,Ecology and Evolutionary biology,Animal Behavior; Climate science; Community ecology; Pollination; Species Interactions; Vertebrate biology,RS2022-573,4/15/2020,4/15/2025
Rosemary Smith,Behavioral Ecology of Burying Beetles,"Behavior and Ecology of Burying Beetles and their Small Mammal resource. Studies of the impacts of human recreation on wildlife. I have a long-term research project on the behaviors and population dynamics of the burying beetle Nicrophorus investigator and their required reproductive resource of small mammal carcasses. These studies increase our understanding of reproductive behaviors, including parental care and communication and the factors that influence population dynamics, species interactions, and ecosystem function. The long-term data is being shared with other RMBL scientists to understand the role of environmental variables on species and population dynamics. A new research study proposes to determine the effects of human recreation on wildlife activity on the trails near RMBL. The results of these projects are used in management decisions and for science education resources for K-12 and college-level students. I use a variety of research techniques including behavioral observations, population censuses, molecular genetic techniques, GIS models, and isotopic and chemical analyses to study trophic interactions and nutrient cycling.",Ecology and Evolutionary biology,Animal Behavior; Biogeochemistry; Climate change; Community ecology; Food web biology; Insect biology; Long-term research; Phenology; Soil/microbial ecology; Species Interactions; Vertebrate biology,RS2022-574,4/15/2021,4/15/2026
"Lee ""Mick"" Demi",River food web phenology,"Food web phenology in a changing climate: a trophic dynamics and bioenergetics approach Warming temperatures associated with global climate change are altering the phenology, or timing, of species life history events worldwide. Differential responses among interacting species have the potential to alter the structure and function of biological communities and ecosystems. Understanding how emerging phenological asynchrony among species scales from population responses to higher level ecological dynamics is a priority question in global change research. This project seeks to understand how changing patterns of summer river temperatures, from warming air temperatures and reduced mountain snowpack, alter the phenology of riverine food webs. Riverine organisms are presently understudied from a phenological change perspective but may be particularly susceptible to warming temperatures due to their life history characteristics. We will measure the timing of peak biomass, productivity and energy demand (of trout) across multiple trophic levels (algae, aquatic invertebrates, trout) over multiple years in the East River at Gothic, CO, as well as several other nearby rivers in a space-for-time approach, to assess the effects of warming water temperatures on patterns of phenological synchrony in riverine food webs. The basic premise of this study is that warming will not affect the phenology of algal populations (light controlled), the main source of stream primary production, but will advance aquatic insect emergence (season biomass loss from the stream) and peak insect productivity, resulting in a mismatch between trout energetic demand and their main prey source.",Ecology and Evolutionary biology,Aquatic Biology; Climate change; Food web biology; Phenology; Species Interactions,RS2022-575,6/1/2021,4/15/2024
Elliot Johnston,Modeling the Breakdown of a Polyphenic Population,"Modeling the Breakdown of a Polyphenic Population Through Field Sampling and Individual-based Modeling The goal of this research is to investigate the stability of the polyphenism in the population of Arizona tiger salamander (Ambystoma mavortium nebulosum) at the Mexican Cut Nature Preserve (MCNP) and the Kettle Ponds near the Rocky Mountain Biological Laboratory (RMBL). Specifically, I will quantify the strength of phenotype-environment mismatch necessary to produce phenotypes without developmental plasticity (i.e., a generalist, fixed phenotype) that have a selective advantage over polyphenic individuals. I will approach this goal with two specific methodologies, one short-term and one long-term. My short-term goal is to conduct field sampling during summer 2021 to assess the effect of fairy shrimp (Branchinecta coloradensis) density on metamorph salamander fitness. The results of the first project will directly inform my second, long-term goal of using quantitative modeling to forecast future population dynamics under various climate change scenarios.",Ecology and Evolutionary biology,Animal Behavior; Climate change; Climate science; Community ecology; Food web biology; Insect biology; Landscape biology; Long-term research; Modeling; Species Interactions; Theory; Vertebrate biology,RS2022-576,6/1/2021,4/15/2023
Jordan Allen,Controls on Denitrification and Nitrous Oxide Release from Shale Bedrock,"The chemical transformations and transport that control nitrogen remains uncharacterized in shale bedrock. Shales may act as a potential hotspot for denitrification due to an abundance of electron donors such as organic matter and sulfide minerals; however, there is uncertainty in the denitrification process in shales. A mechanistic understanding of shale denitrification, which produces gaseous N2 and N2O, is vital to (1) characterizing the global nitrogen budget; and (2) predicting greenhouse gas fluxes from bedrock and their response to environmental change To address this critical knowledge gap, we propose to study the conditions that control and promote N2 and N2O production within the Mancos shale in the East River watershed, CO through combined field monitoring of subsurface environments and laboratory incubation experiments. In this study, we will specifically seek to characterize the magnitude of denitrification rates from the Mancos shale in response to chemical amendments across the watershed and how it varies in response to changes in moisture conditions, oxygen concentrations, and mineralogical availability of electron donors. Our results will quantify denitrification rates and greenhouse gas fluxes from shale bedrock environments. In addition, to providing fundamental insights into a relatively uninterrogated process and its potential effects on shales.",Geology,Biogeochemistry; Climate change; Geology; Long-term research,RS2022-577,5/1/2021,4/15/2023
Andrea Keeler,The effects of global climate change on subalpine mutualisms,"Bottom-up effects of mutualism breakdown among subalpine legumes and N-fixing bacteria on the specialist solitary bee Osmia iridis Climate change affects species and their interactions, resulting in novel communities and modified ecosystem processes. Climatic change can disrupt interspecific interactions, including those between mutualists. Mutualistic interactions profoundly influence the structure and stability of ecological communities and can link species to a common fate. However, research on climate change-driven effects has largely focused on pairwise mutualisms, neglecting the higher-order interactions that can arise when species interact with multiple mutualists. In this project, I aim to explore the effects of climate change on tripartite interactions involving belowground mutualists (N-fixing bacteria), legume plants, and their specialist pollinators. Warming temperatures, advanced snowmelt, and drought are likely to cause a breakdown in the mutualism between N-fixing bacteria and legumes, leading to changes in the strength of the mutualism between plants and their pollinators. Climate-induced shifts in legume flowering phenology and decreases in legume floral functional trait quality caused by this breakdown are potentially increasing foraging time and energy demands for bees and altering their floral preferences. Such costs could translate to reduced fitness and novel selection pressures for both bees and flowering plants in the short-term.",Ecology and Evolutionary biology,Animal Behavior; Climate change; Community ecology; Insect biology; Microbiology; Phenology; Plant biology; Pollination; Soil/microbial ecology; Species Interactions,RS2022-578,6/7/2021,4/15/2022
Samantha Day,Conflicting selection on flower size in Iris missouriensis,,Ecology and Evolutionary biology,Climate change; Genetics; Plant biology; Pollination,RS2022-579,4/15/2021,4/15/2022
Isaac Larsen,Abiotic and biotic controls on chemical weathering rates and solute generation,"Abiotic and biotic controls on chemical weathering rates and solute generation Precipitation is subject to a variety of bio-physical transformations before leaving watersheds as streamflow. One key transformation is chemical weathering, which is driven by interactions among rock, water, and biota. Globally, mountain watersheds are hotspots for solute generation, but our process-level understanding regarding the mechanisms and drivers of chemical weathering in steep, high elevation landscapes is incomplete. By employing a multi-scale approach, the project aims to address the following questions in the Rocky Mountains at the East River community watershed: 1) Does landscape-scale heterogeneity in vegetation, climate, and geology impart unique, spatially-variable signatures on soil production and chemical weathering rates? 2) What roles do the legacies of Pleistocene glaciation and Holocene geomorphic processes play in determining modern-day solute concentrations in surface waters? 3) Are physical erosion and chemical weathering rates linked at the watershed scale, and can these rates be predicted from watershed characteristics? At the soil profile scale, soil production and chemical weathering rates will be quantified with cosmogenic nuclides, specifically in situ-produced and meteoric 10Be, and geochemical mass balance at sites that span biotic, climatic, and geologic gradients in order to isolate the key drivers of chemical weathering. At the landform scale, solute concentrations in surface waters will be used to assess whether surficial deposits generated by different geomorphic processes impart unique weathering signatures. At the watershed-scale, 10Be will be used to measure erosion rates. A series of reactive transport models will be constructed to place the field-based findings into a framework for making predictions regarding the roles that vegetation, climate, and geomorphology play in solute generation.",Earth Systems Science,Climate science; Geology; Hydrology,RS2022-580,6/1/2021,4/15/2025
Jocelyn Navarro,Using a turf transplant experiment to study plant functional traits,"Long Title of Project: Assessing plant functional traits and community response to climate change in the Rocky Mountains using a turf transplant experiment Non-technical Abstract: The goal of this study is to learn how plant water relation traits will respond to a warming environment and to continue studying changes in community composition. The turf transplant experiment was established in 2017 by Lorah Seltzer in order to recreate the conditions of a warming, drying climate by transplanting small pieces of turfs from low to high elevations, and vice-versa. We will continue to measure a variety of plant and community characteristics, as well as plant water relations traits, to assess changes to plant functioning and composition to a drying and warming environment.",Atmospheric Science,Climate change; Community ecology; Hydrology; Plant biology,RS2022-581,6/1/2021,4/15/2025
Valerie Martin,Microbial facilitation of floral exploitation,"Microbial facilitation of floral exploitation in a subalpine pollination mutualism This summer, I will explore the ecological interactions between plants, flower-visiting insects, and the microbes that inhabit flowers. Recently, nectar-inhabiting microbes, including yeasts and bacteria, have been identified as potentially significant mediators of plant-insect interactions. However, the chemical cues produced by nectar microbes and the effects they have on insect foraging behaviors and plant reproduction remain unclear. In subalpine meadows at the Rocky Mountain Biological Research Station (RMBL, Elk Mountains, Colorado) I will examine interactions between a threatened wildflower (Corydalis caseana ssp. Brandegeei; Brandegee?s fumewort), nectar microbial communities, and bumblebee floral visitors.",Ecology and Evolutionary biology,Community ecology; Insect biology; Microbiomes; Microbiology; Plant biology; Pollination; Soil/microbial ecology; Species Interactions,RS2022-583,6/1/2021,4/15/2023
Jessica Forrest,Population ecology and evolutionary biology of solitary bees,Population ecology and evolutionary biology of solitary bees in the context of climate change,Ecology and Evolutionary biology,Animal Behavior; Climate change; Insect biology; Long-term research; Phenology; Pollination; Species Interactions,RS2022-584,4/15/2021,4/15/2025
Victoria DeLira,Investigating the nuanced consequences of pollinator declines for plants,"Investigating the nuanced consequences of pollinator declines for plants: Studying the effects of pollinator declines to floral longevity and seed production Climate change is driving pollinator declines. 87% of flowering plants depend on animal pollinators and need to invest energy in flowers to reproduce. Plants are found to produce more seeds when receiving more pollen, and plant size tends to affect flower and seed production. However, it remains unknown how plants will respond to decreased pollination services. Plants may manage resources either to avoid over investment in flowers that may go unpollinated or to produce more flowers to possibly compensate for decreased pollination. changes in pollination services, flower production, seed production, and plant size will be linked using generalized linear mixed effects models and generalized linear models. This project will inform how changes in pollination affect resource allocation to reproductive effort and why (e.g., via changes to floral production or longevity). Linking flower production and longevity with reproductive output will inform how changing pollination services affect plant reproduction and whether adjustments in reproductive effort can compensate for reduced pollination services. Taken together, this experiment will have the potential to inform future conservation efforts for plant populations as we continue to experience pollinator declines.",Ecology and Evolutionary biology,Phenology; Plant biology; Pollination; Species Interactions,RS2022-585,4/1/2021,4/15/2022
Kenneth Hurst Williams,Watershed Function SFA,Berkeley Lab's DOE-funded Watershed Function Science Focus Area (SFA) seems to quantify how mountains retain and release water and solutes over annual to decidable timeframes in the face of both climate change and climate perturbation.,Earth Systems Science,Biogeochemistry; Geology; Hydrology; Microbiomes; Microbiology; Modeling; Soil/microbial ecology; Snow Science,RS2022-586,4/15/2020,4/15/2025
Karissa Coffield,Adaptive Plasticity of Coloration in Response to Environmental Change,,Ecology and Evolutionary biology,Animal Behavior; Climate change; Vertebrate biology,RS2022-588,4/15/2021,4/15/2022
Heidi Steltzer,Vegetation's influence on mountain watershed function,"Vegetation's influence on mountain watershed function: Mountain systems provide refuge to species, and people, which has led an abundance of plant species in and unique to mountain regions. They are also essential for the well-being of people in and beyond the mountains via the water stored as snow, especially regions such as the U.S Southwest where rainfall and glacial meltwater inputs are low or less reliable. Our research is a component of the U.S. DOE's community watershed research and aims to understand how the essential role of plants in species-rich mountain region influence the function of a mountain watershed. To that end, we are using models from hillslopes to watersheds to identify what characteristics of vegetation influence water supply and biogeochemical cycling. Through co-design, this information will inform field collection of data to improve the parameterization of the models, which in turn can further refine our approaches for sampling the diversity of life zones and topographies across the mountain watersheds in the Crested Butte area. The aim of all this work is to improve prediction seasonally and annually of water availability in the rivers through which snowmelt and groundwater-derived from snow provide water to communities across the west.",Atmospheric Science,,RS2022-589,4/15/2021,4/15/2026
Sydne Spinella,Examining warming induced shifts in tundra soil microbial function,"Atmospheric warming is disproportionate across the Earth's surface and tundra ecosystems are experiencing a faster rate of temperature increase than other parts of the globe. These environments store a significant amount of carbon that, under climatic change, has the potential to be released into the atmosphere, positively feeding back to global temperature rise. Soil microbes regulate ecosystem processes that determine the soil carbon response and therefore, understanding how warming and warming-related changes affect the soil microbial community can improve predictions of ecosystem functions and services under climatic change. This project will analyze microbial processes in control and experimental plots at RMBL by taking advantage of preexisting experiment infrastructure established by the WARM project. The independent and combined treatments of warming and changing plant composition in WARM will allow us to examine the direct and indirect effects of warming on soil microbial function.",Ecology and Evolutionary biology,Biogeochemistry; Climate change; Community ecology; Microbiology; Soil/microbial ecology,RS2022-591,4/15/2021,4/15/2022
Mariah Carbone,Ecohydrological controls on root and microbial respiration on Snodgrass Mountain,,Earth Systems Science,Biogeochemistry; Climate change; Phenology; Soil/microbial ecology,RS2022-592,4/15/2021,4/15/2024
Mariah Carbone,Quantifying environmental and biological controls on soil CO2 fluxes,,Earth Systems Science,Biogeochemistry; Climate change; Phenology; Soil/microbial ecology,RS2022-593,4/1/2021,4/15/2024
Ross Conover,Life history tradeoffs of high elevation breeding sparrows,"This study is a long-term investigation into the life histories (e.g., reproduction, behavioral ecology, age, sex) of mountain white-crowned sparrows (Zonotrichia leucophrys oriantha; MWCS) and Lincoln?s sparrows (Melospiza lincolnii; LISP). Lincoln?s sparrows are being included to supplement reproductive data given their highly similar nesting ecology to the MWCS. This study aims to elucidate the extent and the nature of life-history tradeoffs associated with endoparasite loads, elevation-based weather and climate patterns, habitat quality, and landscape context. Reproductive metrics of interest include nest success, clutch size, and number of young fledged. We are also interested in gaining insight of the breeding behaviors of MWCS, including nestling provisioning rates and incubation on-off bouts. This will be tested observationally using field sites at different elevations and of varying habitat structure. Methodologies include bird capture, measuring and banding as well as nest searching and monitoring and video camera recording during the nestling stage.",Ecology and Evolutionary biology,Animal Behavior; Climate change; Disease ecology; Long-term research; Vertebrate biology,RS2022-595,5/31/2021,4/15/2024
Hana Thixton,FUNGAL HOST SPECIFICITY AND FITNESS IN THE CORALLORHIZA MACULATA COMPLEX,"PHYLOGEOGRAPHY, FUNGAL HOST SPECIFICITY, AND FITNESS IN THE CORALLORHIZA MACULATA SPECIES COMPLEX Orchids are one of the most diverse plant families with over 25,000 species spread across the world. Out of the total, approximately 200 species have reduced capacity or longer photosynthesize and instead steal nutrients from fungi, like the coralroot orchids ( Corallorhiza maculata complex). This parasitic relationship may limit how many plants we can see in each forest. Due to their rarity, these orchids may be lost due to climate change, deforestation, and herbicide use. To conserve these rare species for future generations, DNA sequencing allows for the identification of what fungi these orchids are using, how these orchids vary across the United States, and how different fungi may improve plant fitness.",Ecology and Evolutionary biology,Genetics; Plant biology; Soil/microbial ecology,RS2022-596,7/22/2021,4/15/2023
Bret Elderd,General Observational Studies on Plant-Herbivore Interactions,,Ecology and Evolutionary biology,Insect biology; Plant biology,RS2022-597,4/15/2021,4/15/2022
Harry Stone,Understanding Watershed Processes in Complex Terrain: Snodgrass Hydrology,"Much of the world's water supply comes from complex, inaccessible mountainous regions both hard to measure and monitor. The impacts of heterogeneous environmental conditions and the partitioning of water in these locations are poorly understand and an important factor in determining the effects of climate change on these systems. The project's aim is to collect a combination of stream flows, hand-collected measurements and tower-based weather data over several years on an example hillslope in the East River watershed. The data will be fed into a computer model to determine key parameters and the importance of modeling different landscape characteristics. The results should influence what data is needed to be collected to get an accurate portrayal of water fluxes and stores in these regions.",Hydrology,Hydrology; Long-term research; Modeling; Snow Science,RS2023-796,4/1/2023,4/15/2024
Susan Washko,Aquatic invertebrate adaptations in subalpine ephemeral ponds,"Climate change is warming higher elevation areas more quickly than lower elevation areas, causing species to move up as the habitat becomes more hospitable. Some species known mostly from northern North America (i.e. Canada) extend their home ranges southward into higher elevation areas (i.e. the Rocky Mountains or Sierra Nevada Range) where the climate is similar to areas further north. As these high elevation areas warm, they may become unsuitable for the species who used them as the edge of their ranges, causing those species to become locally extinct. Helophorus electus and Helophorus parasplendidus sperryi are two species of aquatic beetle found at the Mexican Cut Preserve, a subalpine habitat with numerous ponds. Aside from a couple records from the early 1900s housed in insect collections, there are very few records of these species in the U.S. (they are mostly known from Canada). These taxa could be those that become locally extinct with climate change. Previously, aquatic insect research at Mexican Cut has mainly focused on caddisfly populations, overlooking the beetle taxa. My research goal is to better understand what habitats Helophorus use, their role in the ephemeral pond community, and how climate change might affect species distribution (e.g. create more habitat as ponds become more ephemeral, benefiting the beetles; cause more competition as they share the remaining habitat with other species, a drawback for the beetles).",Ecology and Evolutionary biology,Aquatic Biology; Community ecology,RS2023-800,6/1/2023,4/15/2024
Kaysee Arrowsmith,Drivers of pollinator niche variation,"In this project, I propose to examine how interactions between plants and their insect pollinators vary among individuals and populations of pollinators. I will examine the variety of flowers visited by individual pollinators that belong to multiple species and see if temperature affects these patterns of floral visitation. I will use the pollen on these insects' bodies as a record of these individuals' floral visitation events. I will also examine how genetic similarity and body size measurements affect these patterns of floral visitation and pollen collection in a group of important pollinators -- bumble bees. Finally, I will predict how these patterns of plant-pollinator interaction influence the likelihood of species loss in communities experiencing disturbance events like increased temperatures.",Ecology and Evolutionary biology,Climate change; Pollination; Species Interactions,RS2023-801,6/1/2023,4/15/2026
Jacob Heiling,Floral volitile ecology of Lupinus argenteus,"Like color and shape, floral scent helps plants communicate with animals. But attraction via scent is not limited to pollinators, scent can also attract herbivores and, potentially, the natural enemies of these herbivores. Likewise, even while attracting some species, scent can repel others. Thus, floral scent plays many important roles in the ecology and reproductive biology of the plants which produce it. There is enormous variation in floral scent both between and within plant species, and this holds implications for variation in the interactions between individual plants and their environments. However, variation in scent within and among plant species remains poorly understood. Some populations of silvery lupine (Lupinus argenteus) have conspicuously strong scent, while others seem completely scentless. This variation appears to depend on elevation, with populations high in the alpine zone emitting strong scent, and lower montane and sub-alpine populations emitting little if any scent, and populations at intermediate elevations exhibiting a mixture of these traits. In 2017 and 2018 we analyzed lupine scent from one sub-alpine, one alpine, and one intermediate population near RMBL. We found that these populations showed strong differences in scent characteristics, and that, in the intermediate population, some individuals produce more alpine- or subalpine-like scent characteristics. We hope to conduct further studies to try to understand which factors are important for generation this variation, what the significance of this variation is for the plants and the animals that they interact with, and whether and how climate change may affect these plant traits and their impact on their communities.",Ecology and Evolutionary biology,,RS2023-802,4/1/2023,4/15/2026
Max Berkelhammer,Topographic controls on transpiration in the East River watershed,"Transpiration is the upwards flow of water from soil to atmosphere by vegetation. This flux of water is a critical component of the photosynthetic process and an important control on the energy balance of leaves. The spatial and temporal patterns in transpiration have a dominant control of the hydrological balance of watersheds because the use of this water by plants effects how much water delivered by snow or rain remains available downstream for streamflow or groundwater recharge. While transpiration has been an obvious source of interest to ecologists and hydrologists for decades, continuous and distributed measurements of transpiration in alpine systems remain limited. The lack of observed information on transpiration has made it difficult to develop models to predict how and why transpiration varies between species, across hillslopes or in response to climate drivers such as drought. We will use a technique called sap flow to make continuous measurements of transpiration for lodgepole pine, Engelmann spruce, subalpine fir and quaking aspen across topographic gradients in the East River watershed. We will use this data to test how differences in factors such as slope, relief, lithology and upslope drainage influences the water demands between species. We will also test how these abiotic factors interact with biotic factors such as the effective rooting depth and conductivity of xylem tissues to modulate transpiration. We will complement the measurements of transpiration with periodic measurements of the stable isotope ratios of xylem and soil water to help understand the sources of water (such as snow melt vs. summer rain) as well as the soil depth trees are drawing water from. The detailed measurements of transpiration from sap flow will be complemented by a more experimental approach based on continuous measurements of the diameter of trees ? i.e. dendrometry. Changes in the daily cycle of tree circumference is related to storage of water in trees and can therefore be related to total water use. This technique has the advantage of using lower cost and more robust sensors but is less reliable. The work collectively will shed light on how trees compete for available water, particularly at the interface between aspen and conifer stands. This data will be collected synergistically with measurements of canopy temperature from drone flights which can provide spatial information on water use that complements the tree-level temporally continuous data from sap flow. In addition, this data will be used for model validation of a recently developed land surface model. The information gathered on transpiration will also be broadly applicable to understanding the resilience of typical fir, pine, spruce and aspen ecosystems in the western US to climate change.",Hydrology,Atmospheric Science; Biogeochemistry; Climate change; Hydrology; Modeling,RS2023-803,4/1/2023,4/15/2028
Maggie Wagner,Boechera stricta microbiome evolution II,"The microbes living on and inside plant organs (the microbiome) can greatly impact the health and growth of the host plant. However, despite recent research into the processes and mechanisms behind these relationships, there is still much to learn about how they evolved. This proposal outlines a plan to study the evolution of plant-microbiome interactions using the wild perennial mustard Boechera stricta as a model system. The project will (1) collect longitudinal data on the microbiome composition of plants from wild B. stricta populations along an elevational transect in Gothic Valley over multiple years, (2) isolate bacteria and fungi from roots of the same plants to create a collection of native strains for use in future experiments, and (3) collect soil samples from nearby existing common garden experiments for use as inocula in future experiments. This work will provide preliminary data and resources for future studies and help build a research program focused on the evolution of B. stricta and its microbes in the context of climate change and water stress.",Ecology and Evolutionary biology,Climate change; Genetics; Microbiomes; Plant biology; Soil/microbial ecology,RS2023-804,6/1/2023,4/15/2028
Thibaut Barra,"Individual variation in predictability, its evolutionary consequences.","Understanding the processes underlying biodiversity is a real challenge, especially with the major biological crisis we are facing. To comprehend how and why living beings diversify, studying phenotypic variation among individuals is essential. Two levels of variation are mainly used to assess differences between individuals: variation in mean and in plasticity. Another component of variation has received limited attention: predictability. Such variation provides information on how predictable an individual is in expressing a trait. It was long considered to be homogeneous across individuals of a species and without biological interest. Nevertheless, variation has been measured and its evolutionary implication has been shown, mainly in livestock. Therefore, it is crucial to extend predictability studies to free-living animal and integrate this component into evolutionary research. Through the long-term data set on yellow-bellied marmots (Marmota flaviventer) and advanced analytic tools, I plan to assess the implication of predictability in evolutionary processes. I believe that being predictable or not may be part of adaptive strategies and under natural selection. Hence, it should be considered to get a more complete knowledge of evolutionary mechanisms. In a context where human pressure on wildlife is constantly increasing, it would help biologists to predict more accurately population size variations and adaptive dynamics of species.",Ecology and Evolutionary biology,Animal Behavior; Long-term research,RS2023-806,4/1/2023,4/15/2026
Jacquelyn Fitzgerald,"Bumble bee thermal tolerance, climate variation, and population trends","Where species live and when they are active is determined by their ability to cope with environmental conditions, including temperature. Individual animals may differ in their ability to cope with extreme hot and cold temperatures, and some of these differences may be because of their body size and life stage. With rising global temperatures with climate change, understanding how and why animals vary in their ability to cope with extreme temperatures may help us predict which species are most vulnerable. For bumble bees, rising global temperatures are believed to contributed to population declines. However, we do not currently know how individual variation in bumble bee?s ability to cope with extreme temperatures relates to population declines. This is especially concerning because bumble bees are important pollinators of both crops and wild plants. My research proposes to help fill this knowledge gap and help better predict the futures of bumble bee species under climate change.",Biology,Climate change; Insect biology; Pollination,RS2023-807,4/1/2023,4/15/2024
Timberley Roane,"Microbial Genomics Analysis of the Mt. Emmons Acidic, Metal-Impacted Fen","The Mt. Emmons Fen is a unique acidic, naturally metal-impacted wetland system in the Crested Butte area. Sensitive to environmental changes, the Fen provides opportunity to examine how microorganisms, such as the bacteria, can be used as early sentinels of disturbance. Vulnerable to mining impacts, climate change, and hydrological aging, bacterial species and genomic diversities can provide timely information about ecosystem parameters and predict shifts in ecosystem functioning, e.g., carbon sequestration/degradation, elemental cycling, tolerance to metal toxicity. This work continues to build our understanding of the background microbial ecology of the Mt. Emmons Fen in an effort to protect this rare ecosystem.",Biology,Microbiology,RS2023-809,4/1/2023,4/15/2028
Brody Sandel,Global change and the functional ecology of grasses,"Grasses are one of the most ecologically and economically important plant families. As climate changes, the composition of grassland communities can change and the ecological strategies employed by the resident species can shift. Understanding these responses is critical for predicting the responses of grasslands to climate change. These responses will then feed back to climate change, influence agricultural productivity and change ecosystem processes such as fire dynamics. This study is part of a larger project examining how grass species change their ecological strategies as conditions change. We do this through the lens of functional traits - measurable traits of individuals that affect their fitness in a particular environment. Our work at RMBL fits into a larger picture we are developing of grass trait patterns across the western US and globally.",Ecology and Evolutionary biology,Climate change; Community ecology; Plant biology,RS2023-810,4/1/2023,4/15/2024
Taylor Bastian,Socially-driven fitness consequences of environmental variation,"In recent years, anthropogenically-driven climate change has significantly altered environmental conditions. These changes have caused changes in the traits of many organisms, including social behavior; this is important because social behavior impacts an individual?s ability to survive and reproduce. While other work has studied how environmental variation impacts social aspects like mating and group organization, a neglected area is how environmental variation impacts the strength and quantity of an individual?s relationships. This can be studied by analyzing an individual?s position in their social network and the social structure of their group. Therefore, I will use social network analysis to explore the relationships between environmental variation, social structure, and individual fitness. By using a long-studied populations of yellow-bellied marmots (Marmota flaviventer) at RMBL, this work will provide insights into social selection pressure as climate change continues and will contribute to our ability to understand and predict the impacts of climate change on social species.",Ecology and Evolutionary biology,Animal Behavior; Climate change; Long-term research; Modeling,RS2023-811,4/1/2023,4/15/2026
John Lehrter,Scoping for Development of a Biogeochemical Study in East River,"The study is an initial exploration and scoping effort that will lead to development of a research proposal. It is envisioned that a future study will focus on quantifying and predicting how the changing magnitude and timing of snowmelt effects the rates and timing of chemical reactions driving the carbon cycle and downstream delivery of organic matter and nutrients. Through this work, new understanding will be gained about the role of mountain headwaters in the river continuum. Undergraduate and graduate students will be trained through in aspects of hydrology, biogeochemistry, ecosystem ecology, numerical modeling, and water resource management.",Earth Systems Science,Aquatic Biology; Atmospheric Science; Biogeochemistry; Climate change; Climate science; Geology; Hydrology; Landscape biology; Microbiology; Modeling; Soil/microbial ecology,RS2023-812,5/1/2023,4/15/2024
Melanie Kazenel,Effects of microclimate heterogeneity on plant-pollinator interactions,"Among factors hypothesized to play a role in maintaining insect pollinator diversity, small-scale environmental heterogeneity may be particularly important, but has been relatively little-studied. To fill this gap, we propose to compare plant, pollinator, and plant-pollinator interaction composition among transects that represent high and low levels of microclimate diversity, making use of five microclimate study sites established by Dr. Ian Breckheimer in the Upper Gunnison Watershed. Sampling will occur weekly during the growing seasons of 2023 and 2024. Data will be used to model how pollinator and plant-pollinator interaction diversity/composition metrics vary as a function of floral resource and microclimate diversity/composition metrics.",Ecology and Evolutionary biology,Climate change; Community ecology; Insect biology; Landscape biology; Phenology; Plant biology; Pollination; Species Interactions,RS2023-813,4/1/2023,4/15/2025
Lachlan Jones,How does bee body size impact pollination efficacy in subalpine meadows?,"Future warming conditions in the Colorado Rocky mountains has the potential to impact the density and composition of wildflowers, with indirect effects on the bees that pollinate them and rely on them for food. As part of a larger project testing for possible effects of warm and cold conditions on body size of solitary bees collected from RMBL over several years, in the field I will test how body size variation within bee species affects their ability to pollinate wildflowers. To do this, I will bag flowers of the target plant species pre-opening, capture females of the target bee species with a net and chill to immobilise so I can measure it's body width under the microscope and confirm species identity. I will then allow the bee to warm up once placed in a field cage with the bagged flower and 2-3 other flowers of the same species. I will allow the bee to visit 3 flowers before removing the bag from the target flower. Once the bee has visited it, I will take the stigma to count deposited pollen grains. I will compare pollen counts to body size of each test bee.",Ecology and Evolutionary biology,Insect biology; Plant biology; Pollination; Species Interactions,RS2023-814,4/1/2023,4/15/2024
Deirdre Loughnan,The relationship between temporal & functional traits in plant communities,"Plants vary in their flowering time, ranging from early flowering species that mark the start of spring, to colourful blooms at the height of summer. But with recent climate change, we are seeing advances in the timing of these life history events or phenologies, particularly in temperate and alpine plant communities. The timing of phenological events within a growing season determine the environment a plant experiences, their access to pollinators, as well as the intensity of competition for resources. Despite its ecological importance, few studies have addressed the relationships between phenology and species growth strategies, but there has been considerable work associating other leaf and floral traits to such characteristics and environmental conditions. Without knowing the relationship of phenology in species overall trait profiles, it is difficult to predict the effects of phenological shifts on individual plants and their communities. In this study, we will test whether differences in the timing of phenological events of flowering plants follow similar trends in growth strategies as seen for other commonly measured leaf and floral traits. We predict that species with traits we associate with faster growth rates will favour earlier flowering, while species that exhibit slower growth strategies, but more tolerance for competition, will flower later in the growing season. This work will further our understanding of the role of phenology within broader trait syndromes and allow us to better predict the possible effects of continued phenological shifts on plant community dynamics.",Ecology and Evolutionary biology,Climate change; Community ecology; Phenology; Pollination,RS2023-816,4/1/2023,4/15/2024
Megan Zerger,Assessing corticosterone and Bd infection in Ambystoma mavortium nebulosum,"Amphibian biodiversity has greatly diminished in recent years due to disease. Panzootic pathogenic fungi Batrachochytrium dendrobatidis (Bd) causes the deadly disease chytridiomycosis (chytrid), a primary driver of catastrophic global amphibian declines and extinctions. The pathogenesis of chytrid is still unclear, as certain species and individuals within a species are differentially affected. Susceptibility and mortality of Bd are influenced by prolonged chronic stress. Prolonged glucocorticoid activity deleteriously affects many of the same physiological processes as Bd infections, and corticosterone is the primary glucocorticoid released by amphibians in response to stress. Thus, the objective of our study is to assess the relationship of corticosterone variation and Bd spore load in Arizona tiger salamanders (ATS; Ambystoma mavortium nebulosum). We used a non-invasive skin swabbing method to collect baseline corticosterone from paedomorph (aquatic morph; N = 13), metamorph (terrestrial morph; N = 31), and larval (immature; N = 6) ATS in June and July 2022. Baseline samples were collected within three minutes of capture. Bd samples were then collected via skin swabbing, and biometrics for individual animals measured. Additional samples will be collected in summer of 2023, and will allow us to consider corticosterone and Bd spore load variation by morph, sex, location, and body condition. Our study will provide a greater understanding of the pathogenesis of Bd and the interacting effects of glucocorticoid production and polyphenic life history on disease resistance. My results will develop the use of corticosterone as a predictor of Bd susceptibility and severity of infection.",Ecology and Evolutionary biology,Aquatic Biology; Disease ecology,RS2023-817,4/1/2023,4/15/2025
Austin Simonpietri,Ecohydrologic Controls of Sub-Alpine Forest Soil Respiration,"NON-TECHNICAL ABSTRACT: Mountainous ecosystems are currently experiencing a lot of change in their water inputs. With the dominant water source, snowpack, decreasing and melting earlier. This change in the primary water source not only influences the aboveground functioning of the ecosystem, but also the belowground part as well. The belowground ecosystem is comprised of microbes that breakdown organic matter and plant roots that are growing to access crucial nutrients and water. Both the microbes and roots respire CO2 when they are conducting these functions in the belowground ecosystem. Our research aims to understand how changes in moisture inputs, such as changes in snow depth and monsoon rains influences these belowground ecosystem up an elevation gradient in the East River Watershed, near Crested Butte Colorado. We will quantify the CO2 produced by both the microbes and the roots up the elevational gradient and see how each respond to environmental changes within and between years. To do this, we will combine continuous soil CO2 measurements, spatially distributed soil surface CO2 measurements and radiocarbon methods which will enable us to separate the plant and microbial sources of the CO2. These methods will allow us to identify how these two sources of CO2 vary in space and time. These measurements will be paired with both biological measurements of forest green up, tree growth, microbial activity, and environmental measurements of air and soil temperature, soil moisture, and snowpack melt. These sampling sites will be taken in the two dominant forest types, Spruce/Fir, and Aspen in the East River Watershed. Our work is motivated by our overarching hypothesis that separately quantifying how belowground microbe and roots are influenced by the changing water inputs, is necessary for understanding the belowground forested ecosystems resilience to a changing environment.",Earth Systems Science,Biogeochemistry; Climate change; Long-term research; Microbiology; Phenology; Plant biology; Soil/microbial ecology; Snow Science,RS2023-818,5/1/2023,4/15/2026
Chloe Keck,"Integrating resource allocation, vision, and fitness in Speyeria mormonia","Using the Mormon fritillary ( Speyeria mormonia) butterfly as a study system, I will study the adult morphology and reproductive behavior of adults in the field, while also examining how these traits are affected by larval dietary stress in the laboratory. At the Rocky Mountain Biological Laboratory (RMBL), I will complete behavior observations, assess visual capabilities of males, determine the fecundity of females, and measure both male and female adult morphology (I.e., wing size, wing color, and body size). Moreover, I will be examining the density of S. mormonia larval host plants ( Viola spp.) each year. These data will be collected every year to determine whether there is an observable change throughout time and whether this change can be explained by other variables. These data collected at RMBL will also be compared to laboratory data at the University of South Carolina in which I will conduct an experiment examining whether larval dietary stress impacts adult behavior and morphology to determine whether these measurements vary from field measurements. These experiments can allow us to assess the potential impacts of resource deficiencies on adult reproduction and survival. Additionally, comparing data across-years will provide a better understanding of how this system changes across time and whether there are realized, observable effects of larval resource deficiency on adult fitness.",Biology,Animal Behavior; Community ecology; Insect biology,RS2023-819,4/1/2023,4/15/2027
Josh Grinath,Long-term effects of nitrogen deposition and bears in ecological networks,"Human activities have doubled the amount of biologically-available nitrogen on Earth, much of which is emitted to the atmosphere and falls to the ground far from its source. This blanket of fertilizer, called ?atmospheric nitrogen deposition, has well-studied ecological effects near sources of nitrogen emissions, but much less is understood about the elevated, yet low-level, deposition that occurs more broadly. In particular, it is unclear how low-level nitrogen fertilization indirectly affects relationships among plants, herbivores and predators, especially across the long timespans over which nitrogen deposition occurs. I propose to study how long-term, low-level nitrogen deposition impacts a community composed of plants, arthropods and black bears. My previous research showed that bears can indirectly benefit plants by eating ants and suppressing positive relationships between ants and herbivorous insects, but that the effects of bears weakened under short-term nitrogen enrichment. Here, I will extend this ongoing experiment to a total of 18 years to evaluate how long-term exposure to low-level nitrogen enrichment affects these relationships. I will also study spatial and temporal variation in bear consumption of ants. This work will aid our understanding of the repercussions of nitrogen pollution and inform the management of both nitrogen deposition and bears.",Ecology and Evolutionary biology,Animal Behavior; Atmospheric Science; Community ecology; Food web biology; Insect biology; Long-term research; Plant biology; Soil/microbial ecology; Species Interactions; Vertebrate biology,RS2023-820,4/1/2023,4/15/2028
Kyla Knauf,Wildflower Reproduction Phenology and Seed Traits under Early Snowmelt,"As snow melts earlier in the spring due to climate change, it has the potential to cause shifts in flowering time, especially for spring wildflowers. However, research on this topic often focuses solely on flowering time, with little regard for subsequent seed production and maturation timing. Cohesive research on the entire reproductive stage (flowering and seed production) is crucial for truly understanding the effects of early snowmelt on wildflower reproduction. Therefore, for three seasons, I will monitor the flower-to-seed interval for six subalpine spring wildflower species at the Rocky Mountain Biological Laboratory from both early snowmelt and control plots. I will then collect a subset of these seeds and analyze their viability, germination, and traits in the Chicago Botanic Garden laboratory and greenhouses. This will then allow me to relate snowmelt date to both wildflower reproduction phenology and seed output characteristics. The results of this study will provide novel insight into early snowmelt impacts on spring wildflowers, as well as provide a framework for restorationists who struggle to determine the appropriate seed collection timing and quantity under climate change.",Ecology and Evolutionary biology,Climate change; Community ecology; Phenology; Plant biology,RS2023-821,4/1/2023,4/15/2024
Paul CaraDonna,Long-term monitoring of bee-plant interactions,"Our primary research project is an ongoing long-term (8-year) monitoring of wild pollinator populations, floral resources, plant-pollinator interactions, and local climate. Since 2015, we have extensively monitored the abundance and activity of wild bumble bees and floral resource availability at six permanent study sites within the East River Valley at the Rocky Mountain Biological Laboratory (RMBL). Our long-term research aims to address a series of outstanding questions focused on our fundamental understanding of the population and community ecology of plant-pollinator interactions and mutualism. With ongoing monitoring, our project will generate a more mechanistic and predictive understanding of the demographic responses of wild pollinators in the context of pollinator declines and climate change, as well as how and why species interact in nature.",Ecology and Evolutionary biology,Animal Behavior; Climate change; Community ecology; Food web biology; Insect biology; Long-term research; Modeling; Phenology; Plant biology; Pollination; Species Interactions,RS2023-822,4/1/2023,4/15/2027
Juliana Jiranek,Evolution and epidemiology in plant?pathogen systems under climate change,"Environmental context plays a large role in the transmission and evolution of infectious diseases. As a result, climate change will cause large perturbations to host?pathogen systems. Although the potential impacts of climate change on disease dynamics have received considerable attention, less is known about the capacity for hosts and pathogens to adapt to changing environments. Established in 2018, the Flax Rust Project leverages the powerful system of Lewis flax ( Linum lewisii ), a supalpine wildflower abundant on the slopes near RMBL, and flax rust ( Melampsora lini ), its fungal pathogen. Populations occur across a steep elevational gradient, allowing the measurement of a wide variety of weather conditions that contribute to the spread of disease. Through long-term observation of disease transmission in study populations, we investigate how hosts balance adaptation to both their abiotic environment and their pathogens. This question is of critical importance for forecasting plant?pathogen epidemics in a warming world.",Ecology and Evolutionary biology,Climate change; Disease ecology; Genetics; Long-term research; Modeling; Phenology; Plant biology; Theory,RS2023-825,6/1/2023,4/15/2026
Kenneth Whitney,Evolutionary Ecology of Floral Color,"Flower color is central to plant-pollinator interactions, but several outstanding questions remain. How do floral colors vary geographically, i.e. across elevations or between habitats? What are the roles of abiotic agents (e.g. climate) and biotic agents (e.g. pollinators) in shaping floral colors within communities and across gradients? Has climate change shifted the timing or composition of floral colors presented to pollinators? The proposed research will attempt to answer these and other questions by expanding a database of floral spectra from flowering species in the RMBL area. This database can be used to estimate both 'raw' and pollinator-relevant measures of color for each plant species, which in turn can be connected to other RMBL datasets and ongoing experiments (e.g. phenology datasets, vegetation surveys) to answer the specific questions.",Ecology and Evolutionary biology,Plant biology; Pollination; Species Interactions,RS2023-826,4/1/2023,4/15/2028
Rachel Cohen,Investigating Heterospecific Pollen Growth in an Alpine Plant Community,"Mountain ecosystems harbor high plant diversity relative to lower altitude ecosystems, and, due to short growing seasons at high altitudes, many alpine plants tend to flower at the same time. During the normal flowering plant reproductive cycle, pollen (which carry sperm) must be deposited on female reproductive tissue from the same species. Pollen grains will grow a structure called a pollen tube, which grows into the flower and releases the sperm, fertilizing an egg and leading to the development of a seed. When many plants flower concurrently, like at the tops of mountains, there is the potential for pollen from a different plant species to be deposited on the female tissue of a flower. Scientists know a great deal about the flowering plant reproductive cycle when pollen from the same species is deposited on a flower, and much less about the consequences of foreign pollen deposition. It has been shown that foreign pollen deposition results in decreased seed production, but do not know why. I hypothesize that foreign pollen tube growth could decrease seed production by blocking same-species pollen tubes, creating a ?traffic jam? in the flower. In 2022, I experimentally exchanged pollen between species recorded when I saw pollen tubes growing. I found that pollen tubes grew in 93.6% of cases. This suggests that pollen tube growth following foreign pollen deposition may be occurring widely in the alpine meadows of the Rocky Mountains, and could be an important biological interaction among plant species. My research in 2023 will build on these results and investigate if pollen tubes grow to different lengths in foreign flowers and if the genes involved in the pollen tube growth and recognition process differ in same-species crosses vs. different species crosses. These data will help us to understand the importance of this interaction in shaping the evolution of flower traits and alpine plant community dynamics.",Ecology and Evolutionary biology,Plant biology; Pollination,RS2023-827,6/1/2023,4/15/2024
Olivia Vought,The Impact of Climate Change on Ecosystem Structure and Function,"I will be doing research in the WaRM (Warming and Removal in Mountains) project and the DOE-funded snowmelt manipulation to study the effects of climate change on ecosystem function. Last summer in the WaRM plots, I found that warmer temperatures reduced plant biomass regardless of when in the season the biomass was measured, likely due to a reduction in soil moisture. This inspired the research I'll be doing the next few summers, looking to see how changes in snowmelt date influence carbon dynamics via changes in the plant community, microbial community, and abiotic conditions. I will also take the project a step further and see how reductions in biomass might influence grazing in public grazing lands in Colorado.",Ecology and Evolutionary biology,Climate change; Community ecology; Microbiology; Phenology; Plant biology; Soil/microbial ecology; Snow Science; Species Interactions,RS2023-828,5/1/2023,4/15/2025
Audrey Miller,Receiver roles in hummingbird courtship,"Animal signals are often complex and dynamic; signalers can combine color, pattern, sound, and motion to communicate information for a variety of purposes. Receivers also have an important impact on signal design and evolution. Their perceptual capabilities, psychology, and behavior influence the way signalers transmit information. Despite their recognized importance, receiver dynamics remain relatively understudied compared to signaler and environmental dynamics. This is particularly true in courtship displays where male signalers are often communicating information to female receivers. In broad-tailed hummingbird (Selasphorus platycercus) courtship displays, male signaling traits?color, sounds, and behavior?and their interaction with the signaling environment are fairly well described, but female dynamics have yet to receive the same consideration. The goal of this project is to account for the influence of female behavior on broad-tailed courtship displays in the Colorado Rockies. This project integrates traditional behavioral observation techniques with new quantitative behavioral techniques?including 3D pose estimation and computer animation?to understand how female behavior influences both male display traits and her own perception of courtship displays. This project will also aid in developing new technologies combining 3D modeling, animation, and color metrics to study complex and dynamic animal coloration.",Ecology and Evolutionary biology,Animal Behavior; Other,RS2023-830,4/1/2023,4/15/2025
LYDIA WONG,Determinants of upper-elevation range limits in cavity-nesting bees,"In recent decades, rapid warming has altered the environmental conditions experienced by many organisms. One ofthe most commonly documented biological responses to warming is range shifts, in which populations shift theirdistributions primarily towards higher latitudes and altitudes to track areas of climatically suitable habitat. Rangeshifts in bees may be of particular interest. Many aspects of bee life-histories, including their development, survival,and reproduction, are directly linked to temperature; yet bees are also indirectly affected by the availability of otherfactors such as floral resource abundance and nest-site availability, which may themselves be affected bytemperature. I am proposing two field studies that investigate the potential for upslope range shifts in cavity-nestingbees by exploring the variables that determine their upper range limits. In the first study, I ask whether the potentialfor range shifts in cavity-nesting bees is limited by the lack of nesting cavities at high elevations where trees anddead wood (nesting substrates) may be scarce. In the second study, I ask whether the potential for range shifts incavity-nesting bees is limited by the short duration of periods of favorable temperatures for offspring development athigh-elevations. My proposed fieldwork will combine both observational and experimental techniques to addressthese questions.",Ecology and Evolutionary biology,Climate change; Climate science; Community ecology; Insect biology; Phenology; Pollination,RS2023-831,4/15/2023,4/15/2025
Ian Breckheimer (community),The Spatial Ecology of Environmental Change in the Upper Gunnison Watershed,"In response to accelerating climate change and other anthropogenic impacts, mountain ecosystems are rapidly shifting in both structure and function, leaving the systems themselves and the services they provide at significant risk of disruption. Despite the importance of these systems, many of the mechanisms contributing to their vulnerability or resilience are still poorly understood. Some of the largest uncertainties have to do with the roles that fine-scale spatial patterns in environmental and ecological processes play in larger-scale system behavior, and the degree to which these patterns attenuate and/or reinforce responses to regional and global environmental change. My research investigates four aspects of this outstanding problem, bringing perspectives from landscape ecology, physiological ecology, and remote sensing to bear on them in close collaboration with a diverse network of collaborators. Primary Research Projects: 1. Landscape Phenology - Reconstructing spatial patterns of flowering and floral resources for pollinators. 2. Vegetation Community Composition and Change - Understanding vulnerability of Gunnison Basin plant communities to climate change. 3. Microclimate Mapping - Tracking fine-scale patterns and historical trends in snow and near-surface microclimates. 4. Forest Dynamics and Evapotranspiration - Unpacking forest structure, climate, and landscape controls on evapotranspiration. In addition to this primary research, as RMBL staff I continue to build data resources for the broader research community as part of the RMBL Spatial Data Platform and operate a fee-for-service program allowing researchers access to RMBL?s Uncrewed Aircraft Systems and sensors.",Ecology and Evolutionary biology,Atmospheric Science; Climate change; Community ecology; Hydrology; Landscape biology; Modeling; Phenology; Plant biology; Pollination; Snow Science,RS2023-832,5/1/2023,4/15/2026
Parker Bausman,"N. hostilis effects on timing, amount and distance of subsidy exports","Emergent aquatic insects can be a large source of nutrients that are transported from aquatic to terrestrial environments. Many terrestrial organisms such as birds, spiders, and invertebrates rely on these pulsed allochthonous resources. However, nutrient movement is not confined only to aquatic-to-terrestrial processes. Aquatic ecosystems rely on terrestrial inputs of nutrients through dropped leaves, nutrient run off, and terrestrial insects falling into the water. These inputs can be very important in high alpine ponds which generally have low primary production. The timing and strength of these resource pulses are subject to change due to the effects of climate change. Range shifts of aquatic insects with varied phenology may interrupt or enhance the transportation of nutrients across ecosystem boundaries. This research will investigate how the population boom of a range shifting caddisfly impacts nutrient and biomass exports from high elevation wetlands. The phenology and emergence timing of this caddisfly may add temporal variability to the availability of allochthonous resources for terrestrial ecosystems. While this research will further scientific advancement, this will also enhance public outreach through tours of the field station and research sites, and develop future scientists by working with and mentoring undergraduate students.",Ecology and Evolutionary biology,Aquatic Biology; Climate change; Community ecology; Food web biology; Insect biology; Landscape biology; Species Interactions,RS2023-833,4/1/2023,4/15/2025
Alden Sears,How interactions with mutualists & predators shape plant coexistence,"Plant community structure is controlled by interactions between individuals that are mediated by shared resources, mutualists, and enemies. It is difficult to study each of these three classes of interactions in parallel due to their great complexity. We propose to isolate the relative effects of each class of interactions by a study of perennial plant coexistence. Perennial plants have life cycles in which competition via resources, pollinators, and seed predators are separated temporally. We will therefore manipulate floral communities to parameterize a model which separates the effects of different forms of interaction on the viability of plant coexistence and pathways of community assembly.",Ecology and Evolutionary biology,Community ecology; Long-term research; Modeling; Plant biology; Pollination; Species Interactions; Theory,RS2023-834,4/1/2023,4/15/2024
LARA SOUZA,Physiological drivers of plant community and ecosystem processes,,Ecology and Evolutionary biology,Climate change; Community ecology,RS2023-835,4/1/2023,4/15/2026
Kathryn Dawdy,The effects of advanced plant phenology on herbivory and plant demography.,"The annual timing of life cycle events, known as phenology, can have strong effects on survival, growth, and reproduction, and can also affect species interactions. Phenology is often regulated by seasonal climatic cues, and therefore climate change is advancing phenology to earlier dates in many species across the world. However, plant phenology is advancing at a faster rate than the organisms that eat plants (herbivores), which invites the possibility of temporal misalignment between plants and herbivores that typically interact. Herbivory strongly impacts plant survival, growth, and reproduction, and therefore plant populations. Changes to plant populations can have ecosystem-wide consequences, so it is critical to investigate how altered timing of plant-herbivore interactions affects plants. However, almost no research considering this link focuses on consequences for plants, instead focusing on the herbivores. My research therefore investigates how advanced plant phenology changes herbivory and subsequently plant growth and reproduction. To do this, I will experimentally induce early plant phenology by causing the snow to melt early, since early snowmelt will be a major consequence of climate change. I will observe herbivory and plant growth and reproduction to decipher how plant performance is affected by altered plant-herbivore phenology.",Ecology and Evolutionary biology,Climate change; Community ecology; Phenology; Plant biology; Species Interactions,RS2023-836,4/1/2023,4/15/2024
Jordan Allen,Nitrogen Gas Emissions from Shale Critical Zone Environments,"The weathering of nitrogen from shale bedrock has been recognized as an important component of the global nitrogen cycle. However the fate of this nitrogen remains largely uncharacterized. Mass balance considerations of global shale denudation rates and nitrogen concentrations suggest that shale weathering accounts for up to 25% of global unmanaged nitrogen inputs to the terrestrial environment. Crucially, due to an abundance of electron donors such as organic matter and sulfide minerals, shale bedrock environments may act as denitrification hotspots. The release of gaseous N2 (inert) and N2O (strong greenhouse gas), to the atmosphere. We will work towards quantifying the role of shale environments as a global source of N2O is therefore vital to (1) predicting the response and potential amplifying feedbacks of shale denitrification to a warming climate; (2) understanding natural drivers of climate variations in the past.To address this critical knowledge gap, we propose to study the conditions that promote N2 and N2O production and atmospheric efflux within the Mancos shale critical zone in the East River watershed. Ultimately we will characterize the environmental variables that promote the release of N2O relative to N2. To accomplish this, we will use a combination of field observations and laboratory incubations to determine the roles of moisture saturation, oxygen availability, and microbial function in driving observed N2O yields.",Other,Biogeochemistry; Geology,RS2023-837,4/1/2023,4/15/2024
Robert Schaeffer,Context-dependent effects of nectar microbes on pollination mutualisms,"Interactions among plants, pollinators, and nectar robbers have long served as an important model system for exploring ecological shifts between states of cooperation and conflict. Yet, despite their extensive study, the mechanisms that underlie shifts between these states, and constancy within, remain surprisingly unclear. Nectar microbes represent understudied but potentially significant interactors that may shape the foraging conditions under which floral visitors may decide to cooperate or cheat. This project will (1) employ the use of culture-dependent and culture-independent approaches to characterize the nectar microbiome of five montane wildflowers after legitimate vs. nectar robber floral visits; (2) assess how nectar microbes influence floral odor, nectar chemistry, and visitor behaviors; and (3) measure feedbacks of the microbes and floral visitor community on components of plant reproduction. By studying nectar microbes, their impact on floral phenotype, and whether they reinforce or facilitate the breakdown of pollination, we will gain a broader understanding of the factors that shape plant reproduction and pollination mutualisms.",Ecology and Evolutionary biology,Animal Behavior; Community ecology; Insect biology; Microbiomes; Microbiology; Plant biology; Pollination; Soil/microbial ecology; Species Interactions,RS2023-838,6/1/2023,4/15/2026
Bret Elderd,General Observations of Plant-Lichen and Plant-Herbivore Interactions,"We wish to conduct a series of surveys/observations in the US Forest Service?s Gunnison District and at RMBL examining plant and insect populations along with plant-lichen interactions. Our general research interests focus on insect host-pathogen interactions, plant-herbivore interactions, and plant demography. The areas of current interest include: 1) plant-lichen interactions between a common aster and a common lichen [the main focus of our current research]; 2) long-term dynamics of grasshopper populations in the area; 3) population dynamics of the aspen tortrix along with its associated diseases and parasites; 4) anti-herbivore defenses in heartleaf bittercress and the implications of these defenses for herbivore fitness; and 5) ant-aphid mutualisms and how they may affect plant-pollinator interactions particularly on fireweed. The current plan is focused on observational studies and no manipulative experiments are being planned at this time. In the near future, we are considering potential experiments that may include manipulations in the plant-lichen system.",Ecology and Evolutionary biology,Community ecology; Species Interactions,RS2023-841,4/1/2023,4/15/2026
Laurent Duverglas,The effects of tri-trophic interactions on insect population dynamics,"I will investigate the relative effects of various biotic interactions (e.g., predation, intraguild predation, parasitism) on the introduced population of Gillette?s Checkerspot (Euphydryas gillettii) at Gothic, Colorado. Knowledge of the relative magnitude of biotic drivers, oftentimes regulated by abiotic factors, is necessary to understand how populations persist.",Ecology and Evolutionary biology,Insect biology; Species Interactions,RS2023-843,4/15/2023,4/15/2027
Carol Boggs,Drought response as escape from apparent maladaptation,"The native butterfly Pieris macdunnoughii lays eggs on a non-native, invasive mustard, Thlaspi arvense. The larvae won't eat the plant. This reflects maladaptation on the part of the butterfly to the plant. This maladaptation has persisted for over 150 generations in the Gothic area, in the face of strong selection pressures. We will explore the role of drought in altering plant chemistry, hence larval ability to eat the plant, as a mechanisms that may have allowed the apparent maladaptation to persist in the population.",Ecology and Evolutionary biology,Animal Behavior; Climate change; Community ecology; Genetics; Insect biology; Landscape biology; Plant biology; Species Interactions,RS2023-844,5/1/2024,4/15/2028
Blair Stokes,"Natural variation of fructose-1,6-bisphosphatase and larval development","I am interested in how the environment affects organism development through natural genetic variation of metabolic processes. I am proposing a study using Colias butterflies to look at how microclimate difference influence the natural genetic variation of fructose-1,6-bisphosphatase, a glycolytic enzyme, and larval development. Using a field set-up involving four locations with varying microclimates, I will be able to determine if warming affects the survival and development of whichever genotypes are found to be present in the study population. I will also be conducting plant surveys throughout areas with populations of Colias butterflies to monitor nitrogen levels of suitable host plants over the span of three years. These findings will lead to the development of larval feeding studies aimed at connecting host plant quality and larval metabolic efficiency.",Biology,Genetics; Insect biology,RS2023-845,6/1/2023,4/15/2026
Matthias Sprenger,LateSt-Iso: Ecohydrology via high-frequency stable isotope measurements,"There is a need to better understand how mountain vegetation uses water to better predict both forest health and downstream water availability in a more drought-prone future. We use state-of-the-art high frequency stable isotope measurements to identify how rain and snowmelt infiltrate into and move through the soil, as well as how this water is taken up and used by plants, in the East River, Colorado. In June 2022, we installed an in-situ measurement system based on vapor probes to observe 2H, 18O, and 17O ratios of water in the soil, plants, and air. Specifically, we measured these isotope ratios at sub-daily frequency along three soil profiles down to 90 cm depth and in six trees (3 aspen and 3 Engelman spruce) using a cavity ring down spectrometer in the field. This sub-daily isotope data is unprecedented for the studied ecosystem and the very first application of the in-situ system in North America. In addition to this novel isotope technique, we instrumented the site with matric potential sensors along two soil profiles to observe subsurface water availability and the three investigated trees were equipped with sap flow sensors to measure transpiration flux. Meteorological data were gathered at nearby weather stations and by the SAIL campaign, a DOE ARM site close to our instrumented forest.",Hydrology,Hydrology,RS2023-846,9/1/2023,4/15/2025
Jeremy Poortvliet,Investigating the floral VOC profile of Polemonium brandegeei,,Ecology and Evolutionary biology,Plant biology; Pollination,RS2023-847,5/1/2023,4/15/2024
Clifford Adamchak,The Temporal Effects of Beavers on Biogeochemical Processes,"The western United States (U.S.) is experiencing severe drought conditions exacerbated by climate change. As annual precipitation and runoff generation decline, American beaver (Castor canadensis) populations are increasing, in part due to reintroduction efforts aimed at restoring water resources. With time beaver institute a pattern of dam building and abandonment that drastically influence the river corridor through alterations to the geomorphology the biogeochemistry. Specifically, previous work has shown that beaver dams have variable impacts on the production of methylmercury (MeHg), a neurotoxin that can bioaccumulate and biomagnify with successive trophic levels. Methylation is driven by myriad geomorphological characteristics and biogeochemical processes. The first step for understanding mercury (Hg) dynamics in a beaver-dominated river corridor is to discern the unique geomorphological characteristics beaver create and how they influence biogeochemical parameters. Once locations on the landscape are identified that will potentially have high rates of methylation, a greater breadth of samples will be taken in future years and quantified for total mercury (THg), MeHg, sulfate (SO42-) reduction rates (SRR), methylation and demethylation rates among other biogeochemical measurements. Together, the data will reveal the dominant mechanisms within differently aged beaver ponds that drive the production and export of MeHg providing information to stakeholders about the implications beaver have for water quality. Effectively communicating science to the community that uses the resource under investigation is crucial. Final steps will include making CZ case studies that can be used by the geoscience community for undergraduate teaching and to present to the community that the research was conducted in.",Other,Biogeochemistry,RS2023-850,7/1/2023,4/15/2024
Jessica Lundquist,Seasonal Cycles Unravel Mysteries of Missing Mountain Water,"Snow provides over 60% of water supplies in the Western United States, and in general, spring snow measurements provide a good prediction of summer streamflow. However, in some years, these streamflow predictions are not accurate, and water managers struggle to efficiently allocate water resources. In many studies, warming temperatures correspond to less observed streamflow per unit precipitation input. However, key elements, including basin heterogeneity, gauge undercatch, groundwater flow, and water storage, are often not represented in models or predictions, and physical hydrologic models diverge widely in their hydrologic sensitivity to warming. We will combine distributed observations and modeling to test the following hypotheses. 1) Fall rainstorms recharge soil moisture and groundwater, increasing subsurface connectivity and the efficiency of winter snowpack to generate streamflow. 2) More uniformly-distributed snow cover leads to greater subsurface water connectivity and more efficient water delivery to the stream. More variable snow cover, either through a greater elevational gradient or increased patchiness, leads to less effective recharge and greater evaporative losses. Only modeling that represents subsurface water transfer from snow-covered to snow-free grid cells will represent these effects. 3) Warming temperatures and increased rain relative to snow over recent decades have changed snow distributions in ways that decrease runoff efficiency, increasing the frequency of snow free areas at lower elevations fed by snow at higher elevations, which increases basin total evapotranspiration. Our questions require both long timeseries and detailed, distributed observations. We propose to first investigate our hypotheses over the well-instrumented East River (Colorado) and Tuolumne River (California) basins. These long-term observations are augmented with detailed distributed surface flux observations obtained during the 2021-23 multi-agency atmospheric campaigns of SAIL, SPLASH, and SOS in the East River basin. We will use models to establish essential process representations and to directly test hypotheses. We will then test for the essential minimum observations and process representations to expand to larger scales. Our study will directly inform modelers and water managers of the key processes that must be represented to accurately predict runoff originating from seasonal snow in mountain watersheds, leading to improved understanding, prediction, and planning at seasonal and longer timescales.",Hydrology,Atmospheric Science; Biogeochemistry; Climate change; Climate science; Hydrology; Meteorology; Microbiomes; Modeling; Snow Science,RS2023-899,9/29/2023,4/15/2027
Jill Anderson,Interactive effects of biotic and abiotic conditions on local adaptation,"Climate change is imposing novel selection, disrupting local adaptation, shifting geographic distributions, and altering species composition and diversity of ecological communities. Accordingly, climate change acts directly on species through new abiotic conditions, as well as indirectly through altered biotic interactions. Here, we seek to test mechanistic hypotheses about evolution in complex environments where correlated suites of traits evolve in response to abiotic and biotic agents of selection. Specifically, we propose to examine the mechanistic basis of local adaptation to current abiotic and biotic conditions in the emerging ecological model plant, Boechera stricta (Brassicaceae), in the Colorado Rocky Mountains. We focus on plant-herbivore interactions, as they provide exceptional opportunities for dissecting the direct and indirect effects of climate change. We will then predict plant evolutionary responses to projected future abiotic and biotic environments. To evaluate how abiotic conditions and the biotic community have interacted to shape local adaptation and exert selection on functional traits (Aim 1), we will first conduct a multifactorial manipulation of herbivory, snow dynamics, and water availability in three field gardens at different elevations. We will then characterize herbivore communities across elevational gradients to project future distributions and abundances (Aim 2). Finally, based on these projections, we will investigate how adaptive landscapes will shift under climate change by exposing B. stricta transplants to current and future abiotic conditions and herbivore levels in high and low elevation gardens (Aim 3 and 4). We hypothesize that climate change favors novel suites of traits, such as the rapid development of high elevation families combined with the drought tolerance and herbivore resistance of low elevation families. Further, to test the hypothesis that genetic trade-offs restrict adaptation, we will contrast natural accessions with existing genetic constraints vs. recombinant inbred lines that allow an unconstrained response to selection. Finally, we will examine the genetic basis of local adaptation by mapping quantitative trait loci and test whether the fitness of local alleles declines under climate change. Despite extensive work characterizing local adaptation, we still know little about the processes through which species adapt to the simultaneous, likely interactive, effects of multiple abiotic and biotic agents of selection. Dissecting the contributions of climatic and biotic factors to local adaptation and selection will enable us to forecast how climate change could alter adaptive evolution and influence the risk of extinction. The proposed studies will reveal the extent to which climate change could favor novel suites of traits, whether genetic constraints could restrict adaptation, and whether climate change could increase the vulnerability of local populations to decline. Collectively, our field experiments will identify the functional traits and genetic basis of local adaptation to complex environments and evaluate the evolutionary and ecological consequences of projected future, novel environments.",Ecology and Evolutionary biology,Climate change; Genetics; Phenology; Plant biology; Species Interactions,RS2023-789,6/1/2023,4/15/2028
Jordan Argrett,"Are hemiparasitic plants the ""Robinhood"" of sub-alpine communities?","Root hemiparasitic plants are found in almost every ecosystem and can profoundly affect surrounding plants in the community. These organisms use unique belowground structures to attach to host plants and extract nutrients and water but maintain the ability to photosynthesize independently. Yet, they remain significantly understudied outside of agricultural environments and thus are often omitted from our understanding of plant population, community, and ecosystem ecology. This is surprising as they have been shown to increase plant community diversity through the direct effect of parasitism on aboveground plant competition, increase litter decomposition, and alter microbial community composition through the belowground effects of increased litter lability and mycorrhizal suppression. My work aims to provide a complete perspective of plant parasitism by investigating the above and belowground impacts of hemiparasitic plants on community structure, nutrient cycling, and biodiversity. In the Rocky Mountains, a root hemiparasitic plant, Castilleja septentrionalis, is highly abundant across habitat types and elevations, with the potential to play a fundamental role in ecosystem dynamics. To better understand these unique and charismatic organisms, I will conduct a multi-year field experiment, collect demographic data, characterize microbial communities, and quantify carbon and nitrogen cycling. Ultimately, my results will shift the negative perspective of parasitism within plant communities towards a better understanding of their benefits to natural ecosystems.",Ecology and Evolutionary biology,Community ecology; Plant biology; Soil/microbial ecology,RS2023-791,4/1/2023,4/15/2026
Max Mallen-Cooper,Thresholds and tipping points in ecosystem responses to global warming,"Climate change is currently modifying the myriad linkages between soils, plants, animals and the atmosphere. Being able to predict these changes in advance allows us to conserve key components of natural environments and, more practically, preserve the vital services that nature provides to humans, such as clean air. Of particular concern are tipping points, where a certain linkage appears to be stable but then suddenly and dramatically shifts to another state, or collapses entirely. One way of thinking about nature is to think about the ?flow? of various chemical elements, like carbon and nitrogen, through different organisms over time. For example, a plant breathes in carbon dioxide and uses it to make a new leaf, which gets eaten by a worm, where the carbon is used for energy and is eventually breathed back out into the atmosphere. For our project, we are assessing whether mountain ecosystems are likely to reach future tipping points in these flows of carbon and nitrogen. One method of predicting the future is to use natural gradients in temperature, such as the slope of a mountain. As you walk down from the top of a mountain to the bottom, you are effectively walking through a simulation of global warming. For our project, we are walking along mountain gradients around the world, measuring how much plants are breathing and how much carbon and nitrogen is stored in leaves, wood, soils and tiny animals in the soil. In this way, we hope to predict whether the linkages between different aspects of nature will change gradually or abruptly as climate change progresses. Identifying abrupt changes will provide an important timeframe for land managers to conserve mountain environments and prevent losses of ecosystems services.",Ecology and Evolutionary biology,Biogeochemistry; Climate change; Community ecology; Species Interactions,RS2023-794,5/1/2023,4/15/2026
Alexander Laskin,Light-Absorbing Components of Organic Carbon in Aerosol and Snow,Composition and Photochemical Transformations of Light-Absorbing Components of Organic Carbon in Aerosol and Snowpack Samples Collected at RMBL The scope of this project is to collect samples of light-absorbing organic carbon materials present in atmospheric aerosol and snowpack in support of the DOE funded and organized Surface-Atmosphere Integrated Field Laboratory (SAIL)1 field campaign co-located at the RMBL site. Collected samples will be returned to laboratories of the co-investigators for in-depth chemical analysis. The analysis efforts will be focused on characterization of the chemical composition and optical properties of complex organic matter in aerosols and snowpack to establish a relationship between the composition of atmospheric particles and their impact on the snow albedo and snow photochemistry. A complimentary combination of molecular-level characterization and chemical imaging approaches will be used to elucidate atmospheric ageing processes governing evolution of chemical composition and optical properties of organic carbon in the area of study ? a very challenging knowledge gap needed to improve predictive understanding of aerosol effects on climate.,Atmospheric Science,Atmospheric Science; Snow Science,RS2022-642,1/1/2022,4/15/2024
Jessica Lundquist,Sublimation of Snow (SOS),"Snow is a vital part of water resources, but sublimation may remove 10% to 90% of snowfall from the system. Due to a critical lack of reliable direct measurements of snow sublimation, we do not fully understand the physics that govern current rates of sublimation, let alone how those amounts might change with the climate. We propose to deploy NSF's Integrated Surface Flux System (ISFS) for winter 2022-2023 in conjunction with the U.S. Department of Energy?s Surface Atmosphere Integrated Field Laboratory (SAIL) at the Kettle Ponds site in the East River Watershed, Colorado. SAIL will measure vertical and horizontally distributed wind fields from radiosondes, a radar wind profiler, a doppler lidar, and distributed meteorological stations. We plan to deploy the ISFS system to provide surface flux observations at multiple levels to better understand how basin-scale wind fields interact with surface turbulence and fluxes. These measurements, combined with energy and mass balance observations and terrestrial lidar scans of the evolving snowfield, will provide benchmarks of the most reliable approaches to measuring snow sublimation in different conditions and improve understanding of sensible and latent heat fluxes in complex terrain.",Atmospheric Science,Atmospheric Science; Climate science; Hydrology; Meteorology; Snow Science,RS2022-646,6/1/2022,4/15/2024
Stavi Tennenbaum,Epigenetic variation & accelerated aging in the seasonal habitat of marmots,"Aging is a universal consequence of life, yet this cost is experienced differently between species and potentially between different populations. Long-term studies in wild mammals have shown that lifespan expectancy is tied to many proximate environmental factors, such as social dominance and resource limitation. However, how these factors influence biological, or epigenetic aging, is not well understood. Yellow-bellied marmots ( Marmota flaviventer ) are obligate hibernators that annually experience conditions known to increase longevity (e.g., major caloric restriction and reduced metabolic rate during torpor). The alpine habitats of these animals are highly sensitive to anticipated phenological shifts affecting plants and animals under climate change. Adult marmots show evidence of decreasing epigenetic aging by modulating DNA methylation during the winter months. Thus, this long-studied marmot population, which survives within seasonal periodicity, can provide insight to a species-specific response to climatic change via an epigenetic mechanism. I will conduct a longitudinal study of DNA methylation variation across years and between marmot populations at high elevation sites in the Rocky Mountains. This data on seasonal lifetime variation in epigenetic modification will inform how species may survive fluctuating and physiologically challenging environments.",Ecology and Evolutionary biology,Climate change; Genetics; Long-term research; Phenology; Vertebrate biology,RS2022-647,5/1/2022,4/15/2025
Stephanie Kivlin,Decoupling plant and mycorrhizal fungal phenology in the Anthropocene,"Plants do not live in isolation. Instead, they associate with multitudes of organisms, including mycorrhizal fungi belowground. These fungi acquire most plant nutrients and water in exchange for sugar. However, interactions between plants and mycorrhizal fungi may be disrupted as the climate changes. This project examines the potential for relationships between plants and mycorrhizal fungi to be disrupted as snowmelt timing shifts with global warming. We will examine the growth and composition of plants and fungi as well as soil nutrient concentrations in slopes and aspects with different snowmelt dates and in a three year long snowmelt manipulation. All data will be fed into an ecosystem model to scale our findings to the global scale.",,Biogeochemistry; Climate change; Community ecology; Microbiomes; Modeling; Phenology; Soil/microbial ecology; Snow Science; Species Interactions,RS2022-648,5/1/2022,4/15/2027
Jordan Argrett,Parasitic plants as drivers of ecosystem processes,"In recent years, there has been increased interest in how hemiparasitic plants impact plant community diversity, richness, and productivity. While this work has highlighted the impact that hemiparasitic plants have on aboveground plant community structure, little is known about the role these plants play belowground. Given the prevalence of parasitic plants in natural ecosystems and the diversity of parasitic habits, it is of utmost importance that we study the impact that these ecosystem engineers have on their environment from a holistic perspective. In this study, I aim to investigate the effects of Castilleja sulphurea on neighboring plant populations and community dynamics, nutrient cycling, and soil microbial communities by assessing their direct and litter-mediated effects. My work will provide a comparison of the two pathways, ultimately contributing to a greater understanding of how parasitic plants impact surrounding plant communities and ecosystem nutrient cycling.",Ecology and Evolutionary biology,Community ecology; Long-term research; Plant biology; Soil/microbial ecology; Species Interactions; Other,RS2022-649,6/1/2022,4/15/2023
Samantha Day,Conflicting Selection on Flower Size in Iris missouriensis,"Animal pollinators play a significant role in the reproduction of flowering plants. These pollinators can act as strong agents of selection on various floral traits such as flower size. While pollinators are known to impose selection, other factors such as drought and thermal stress can impose selection on the same floral traits. Flower size acts as a visual cue to attract pollinators as it is generally associated with greater floral rewards. Consequently, in arid environments, a larger floral display can result in greater transpiration through the floral organs. I am investigating this balance of conflicting selection using the Rocky Mountain Iris (Iris missouriensis) that occurs across the natural aridity gradient of the Colorado Rocky Mountains. I hypothesize that flower size will decrease with increasing aridity such that larger flowers will occur at higher elevations where drought mediated selection is relaxed and smaller flowers at lower elevations where aridity is the greatest and imposes selection for smaller flowers. I have documented this natural cline in flower size that is consistent with my hypothesis. I will confirm pollinator preference for larger flowers using 3D printed I. missouriensis flowers and experimentally evaluate conflicting pollinator- and drought-mediated selection using a common garden experiment with water and pollen supplementation treatments. Evaluating the balance of selection between abiotic and biotic factors will illuminate factors influencing plant-pollinator interactions, supporting conservation of flowering species by providing a more robust understanding of their evolutionary response to climate change.",,Climate change; Genetics; Plant biology; Pollination,RS2022-651,6/1/2022,4/15/2025
Jared Balik,Stream flow phenology and biogeochemistry,"Effect of advancing stream peak flow hydrology on stream biogeochemistry and primary productivity Climate change is causing streams to reach their peak flows earlier due to advancing snowmelt timing and declining snowpack volume. My ongoing research aims to understand how this advancing flow phenology impacts stream nutrient cycling, primary producers, and grazing invertebrates. By studying seasonal patterns of nutrient uptake and algal accrual in streams that vary in timing of peak flow, I can use a space-for-time substitution to investigate how climate-driven advances in peak flow will alter this foundational ecosystem process and stream food webs.",,Aquatic Biology; Biogeochemistry; Climate change; Hydrology; Long-term research,RS2022-652,5/1/2022,4/15/2023
Carol-Ann Chabot,Age at primiparity in yellow-bellied marmots,"When to start reproducing is a key question for any species since it can impact survival, total reproduction over a lifetime (number of offspring), longevity, but also population dynamics and generation time. Reproduction is a process that requires a lot of energy and resources. Breeding early has been shown to decrease survival and/or future fecundity. However, postponing reproduction means lost in opportunities to reproduce and increases the chances of dying without producing any offspring. Then, a trade-off in age at first reproduction arises, with large variation observed even within population of certain species. In addition, behavioural interactions can also affect age at first reproduction. For instance, reproduction can be delayed in subordinates. I plan to investigate the causes and consequences of age at first reproduction in yellow-bellied marmots. This hibernator can start to reproduce before reaching adult size, which is around 4 years of age. It also reproduces only once per year, shows wide variation in age at first reproduction (ranging from 2 to 7 years), and exhibits lot of variation in its social organisation. Indeed, females can be solitary or be part of a group of two to several dozens of individuals. I will use behavioural, reproductive, life-history and pedigree data obtained from a long-term study of individually marked marmots for over 60 years. Maximizing the richness of the data, I will also determine the impact of age of first reproduction of the mother on her offspring?s survival and reproduction. This work will therefore provide new insights on the biological factors regarding an important life-history parameter.",Biology,Animal Behavior; Long-term research; Vertebrate biology,RS2022-653,4/1/2022,4/15/2023
Kelsey Reider,Context-Dependent Life History Responses to Climate Change,"Larval salamanders either metamorphose into terrestrial adults (metamorphs) or forego metamorphosis to become gilled, aquatic adults (paedomorphs). Paedomorphs are primarily subject to environmental changes in the aquatic habitat whereas metamorphs are subject to environmental variation affecting both the aquatic and terrestrial environments. Metamorphs and paedomorphs are thus likely to be asymmetrically impacted by climate change. My objectives are to understand how past and future climate variation and climate change impact amphibians using a combination of modeling and field studies. I propose to: A) Compare temperature and water stress impacts of ongoing climate trends under different environmental contexts (in the aquatic and terrestrial environments along an elevational gradient) using data logger-implanted paedomorphs and metamorph salamanders as mobile temperature sensors, salamander biophysical models in different environments. B) Study the thermal physiology of wild aquatic and terrestrial salamanders at different elevations to better understand sources of exposure and resilience to the changing thermal environment they are subjected to under climate change. C) Determine the effects of abiotic correlates, e.g., temperature and precipitation, on breeding activity in a wide-ranging frog species.",,Aquatic Biology; Climate change; Phenology; Vertebrate biology,RS2022-654,6/1/2022,4/15/2027
Janelle Bohey,Effect of nitrogen and soil microbes on floral volatile emissions,"Floral scent is an important trait of flowering plants because of its role in attracting pollinators. Recent advancements in the field have found floral scent to respond plastically to changes in the environment, such as temperature and water availability. Because of this, climate change has the potential to alter floral scent emission in some species. This could impact plant-pollinator interactions and consequently plant reproduction. One way plants are able to adjust more quickly to environmental changes is by forming symbiotic relationships with soil microorganisms. Soil microbes help plants acquire water and nutrients, like nitrogen, that are essential for growth and reproduction. Soil microbes can also influence floral traits, including floral scent. Since one of the main compounds found in floral scent profiles is nitrogen, changes in soil nitrogen and soil microbes may influence floral scent. Still, little is known about how soil microbes and nitrogen availability in the soil, alone or in concert, affect floral scent. I propose a two part experiment investigating the role of nitrogen availability and soil microbes on floral scent. In the first experiment, I will test the effects of soil nitrogen availability in two species of Ipomopsis (scarlet gilia and slendertube skyrocket). Since soil microbes play an important role in allocating nitrogen in plants, for the second experiment I plan on examining the effect of soil microbes and soil nitrogen availability on floral scent in scarlet gilia ( I. aggregata ). To better understand the role of climate change in these interactions, I will investigate differences in floral scent of plants grown in soil from areas exposed to early snowmelt compared to areas with normal snowmelt.",Ecology and Evolutionary biology,Climate change; Plant biology; Pollination; Soil/microbial ecology; Species Interactions,RS2022-658,6/13/2022,4/15/2024
Brian Enquist,Assessing drivers of vegetation functional change,"We use physiological, experimental, theoretical, and observational methods to try to understand what regulates diversity (phylogenetic and functional) and dynamics of subalpine communities and ecosystems at different scales. In particular, we are interested in understanding how diversity influences ecosystem functioning. We are interested in the relative importance of abiotic (namely, climate) and biotic (species interactions, community assembly, and competition) factors in controlling plant community and ecosystem response to climate change. At the largest scales, we study the flux of carbon dioxide from subalpine meadows along an elevational gradient and its relationship to temperature, water availability, plant functional traits and species identity. We also use remote sensing techniques as well as macro ecological approaches to study large scale processes. At the smallest scale, we are studying the mechanisms of community assembly of subalpine meadows.",Biology,Climate change; Community ecology; Hydrology; Long-term research; Modeling; Plant biology; Soil/microbial ecology; Snow Science; Species Interactions; Theory,RS2022-659,2/7/2022,4/15/2027
Holly Barnard,Quantifying controls of dynamic storage on critical zone processes,"The critical zone is a thin layer at the Earth?s surface where rock, soil, water, air, and living organisms interact. The critical zone supports life on Earth. In the western United States, the critical zone is sensitive to changes in the environment, such as fires or droughts. This project studies how processes in the critical zone respond to changes in the environment. Data are collected from the Coal Creek catchment. The project links the fields of water science, forest ecology, rock chemistry and soil chemistry. The project connects the way water moves and is stored in the ground to how trees grow and to how soil and rocks change. Studying these interactions is important to understanding how Earth will respond to future changes in climate. Researchers from six universities work together. Students are trained in several areas of Earth science.",,Biogeochemistry; Climate change; Geology; Hydrology; Modeling,RS2022-660,6/1/2022,4/15/2026
Heike Kalesse-Los,Studying clouds and precipitation with a cloud radar and a snowflake camera,We plan to enhance the instrumentation suite of the ongoing Surface Atmosphere Integrated Field Laboratory (SAIL) of the Atmospheric Radiation Measurement (ARM) program at RMBL by a 94 GHz scanning cloud radar and a novel video in situ snowfall camera for the period Sep 2022 ? June 2023. Our goal is to study riming (the adherence of water droplets when ice particles fall through a supercooled liquid layer in a cloud) and secondary ice production (SIP) processes that enhance the number of ice particles during snowfall formation in complex terrain.,,Atmospheric Science; Snow Science,RS2022-661,6/1/2022,4/15/2024
Melissa Ocampo,Does Climate Change Promote Cannibalism?,"Polyphenism (environmentally-cued polymorphisms) occur when multiple discrete morphologies are produced in different individuals of the same species in varying environments. Arizona tiger salamanders (Ambystoma mavortium nebulosum) exhibit a cannibalistic polyphenism in which cannibal morphs possess vomerine teeth and larger, U-shaped heads than toothless typical morphs. Cannibalism can strongly impact tiger salamander populations and their surrounding communities due to their keystone role in subalpine freshwater ponds. Several studies have found that the cannibal morphology is positively correlated with salamander density, as well as size variation in salamander populations. However, no previous studies have examined the impact of temperature on tiger salamander cannibalism. This is significant, as the Rocky Mountains where Arizona tiger salamanders live have warmed by 1°C on average, and models predict that the region could warm an average of about 1.5-3°C by 2050. Along with increased temperatures, reduced snowpack accumulation has also resulted in drier conditions for temporary subalpine ponds. In my study, I aim to determine how the proportion of cannibal morphs in natural populations has changed over time and whether increased temperatures and pond drying rates influence the production of the cannibal morphology. I will gather data for my first objective through field sampling; I will seine ponds around the Gunnison basin in order to collect data on cannibal frequency to compare to previous studies to determine whether cannibal frequency has changed over time. To complete my second objective, I will conduct weatherport experiment at the RMBL in which I will have two temperature treatments (ambient and 3°C warmer) and three density treatments in order to determine whether increased temperatures and density levels directly influence the development of the cannibal morphology in tiger salamanders. Understanding how rapidly changing climate conditions impact polyphenisms in this system may increase our understanding of the relationship between climate and polyphenisms in other systems, ultimately helping us mitigate the effects of climate change on environmentally-sensitive species.",,Aquatic Biology; Climate change; Vertebrate biology,RS2022-662,6/1/2022,4/15/2024
Bret Elderd,General Observations of Plant-Lichen & Plant-Herbivore Interactions,"We wish to conduct a series of surveys/observations in the US Forest Service?s Gunnison District and at RMBL examining plant and insect populations along with plant-lichen interactions. Our general research interests focus on insect host-pathogen interactions, plant-herbivore interactions, and plant demography. The areas of current interest include: 1) plant-lichen interactions between a common aster and a common lichen [the main focus of our current research]; 2) long-term dynamics of grasshopper populations in the area; 3) ant-aphid mutualisms and how they may affect plant-pollinator interactions particularly on fireweed; 4) population dynamics of the aspen tortrix along with its associated diseases and parasites; and, 5) anti-herbivore defenses in heartleaf bittercress and the implications of these defenses for herbivore fitness. However, as one can tell from the above, the current plan is focused on observational studies and no manipulative experiments are being planned at this time.",,Modeling; Species Interactions,RS2022-663,6/1/2022,4/15/2023
Carol Boggs,Soulé Butterfly Re-survey,"This project exploits a butterfly monitoring data set collected by Michael Soulé and his Earthwatch teams from 1982-1991. He collected data on the number of butterflies of specified species seen every 3 days along the Copper Creek trail from RMBL to the first crossing. We propose a re-survey, to examine changes in phenology, abundance and species diversity in the intervening 30-40 years. Additionally, we propose to set up a long-term monitoring program involving RMBL docents to continue this data collection.",,Climate change; Insect biology; Long-term research; Phenology,RS2022-664,6/1/2022,4/15/2027
Laurent Duverglas,The Effects of Tri-Trophic Interactions on Plant-Insect Population Dynamics,"I am interested in studying the relative effects of various biotic interactions (e.g., predation; parasitism; competition) and changing climate on the population dynamics of plant-insect relationships. Specifically, I am using the introduced population of Gillette?s checkerspot (Euphydryas gillettii) at Gothic, Colorado to carry out research projects focusing on the effects of predators and parasitoids on pollinator health. Knowledge of the impacts of both biotic and abiotic drivers of population growth is necessary to understand how populations persist in spite of global change.",Biology,Climate change; Community ecology; Food web biology; Insect biology; Long-term research; Species Interactions,RS2022-665,5/1/2022,4/15/2023
Anna Grinath,Authoring disciplinary identities in a community of science practice,"The purpose of this research is to understand how people learn to do scientific research while participating in research groups and communities of research groups. A community of practice is a ""group of people who share a concern or a passion for something they do and learn how to do it better as they interact regularly"". A community of science practice (COSP) is a group of people associated with a science discipline(s) who understand and share specialized language, norms, and practices for participation and knowledge generation in the discipline(s). Identity formation as part of a COSP involves learning to legitimately participate in the specialized practices and discourses of the discipline. Such learning is conceptualized as a trajectory of apprenticeship where novices first learn through legitimate forms of peripheral participation, taking on more responsibility and ownership over time as they move towards full participation in the community. COSP research has described full participation as generating new knowledge through research. Structured research experiences are important forms of apprenticeship in a COSP. Although research experiences can have powerful effects on peoples' persistence in science education and research, more research is needed to understand the learning trajectories across different forms of legitimate participation in a COSP, from peripheral to full. This research focuses specifically on how people negotiate and author their science identities through legitimate forms of participation in a COSP.",,Other,RS2022-666,6/1/2022,4/15/2027
Matthew Winnick,Stream Corridor Hydrologic Controls on Carbon Dioxide Fluxes,"Rivers and streams are increasingly recognized as important sources of greenhouse gases such as carbon dioxide (CO2) to the atmosphere; however, the full magnitude of emissions and the processes that control them remain highly uncertain. This project will combine innovative field characterizations of stream hydrology and carbon processing with advanced computer models to improve our ability to predict and scale stream CO2 fluxes. Results of this research will advance our understanding of an important component of the global carbon cycle and the ability to monitor changes into the future, and generated computer models will be made publicly available. This research will also comprise the training of a PhD student and undergraduate researcher, and it will serve as the focus of a 1-day educational module for a diverse group of high school students through the Rocky Mountain Biological Laboratory?s summer Field Biology course.",,Biogeochemistry; Hydrology; Modeling,RS2022-667,5/1/2022,4/15/2025
Xochitl Ortiz Ross,Fitness consequences of multiple early-life stressors,"Early-life experiences can have a disproportionate impact on an individual?s fitness. However, much of this research has focused on the effects of single stressors (e.g., food scarcity) under a controlled lab environment. In a world where natural populations must simultaneously contend with multiple anthropogenic threats?such as climate change, urbanization, and pollution?we must understand the cumulative impact of multiple early life stressors on the long-term fitness, ecology, and behavior of wild populations. Having established the utility of a novel cumulative early adversity (CEA) index in predicting survival and longevity in a wild population of yellow-bellied marmots (Marmota flaviventer), I now ask how CEA affects the reproductive decisions and of female yellow-bellied marmots and the fitness of their offspring. Life-history theory predicts that organisms with shorter lifespans should invest more in early reproduction. Therefore, I predict that females that experience higher CEA will be more likely to produce more offspring earlier in life and at a lower body mass. Furthermore, parental experiences can have intergenerational effects. I predict mothers that experience higher CEA will have offspring with shorter lifespans. My research will highlight the cumulative impact of early adversity on the reproductive decisions and lifetime fitness of a wild population. It will increase our understanding of how early adversity influences not only life-history evolution but also population demography and abundance, which is critical for conservation.",,Animal Behavior; Long-term research,RS2022-668,4/1/2022,4/15/2024
Brendan Connolly,Evaluating Differences in Pollination Efficiency,"Pollinators are essential for reproduction in 87% of flowering plants. Therefore, the pollinator species will determine the quantity and quality of seeds that a plant produces, with quality indicated by the genetic diversity of progeny. More genetically diverse populations contain a variety of genes that increases tolerance to environmental change and importantly climate change. Despite the importance of measuring the quality component of pollination efficiency, few studies consider this component. To address this deficit, my research will take place at the Rocky Mountain Biological Laboratory (RMBL), where I will study Delphinium nuttallianum, a perennial endemic to montane meadows. D. nuttallianum is pollinated by one hummingbird species and several bumble bee and bee species, each of which differs in several key morphological and behavioral traits, which has implications for the pollen quantity and quality delivered. By examining differences in pollination services between these species, my study seeks to demonstrate the importance of considering both the quantity and quality measurements of pollination efficiency when determining the relative importance of pollinator species to plant reproduction. Accurately determining the relative importance of pollinators to plant reproduction is essential for the implementation of effective conservation strategies that focus on the long-term maintenance of plant populations and genetic diversity.",,Animal Behavior; Community ecology; Genetics; Insect biology; Landscape biology; Plant biology; Pollination; Species Interactions; Theory,RS2022-669,5/1/2022,4/15/2023
Kentrell Richardson,Context dependent responses to climate change in Arizona Tiger Salamanders,"Understanding the drivers behind the variable response of organisms to climate change has been a focus of ecological research over the last decade. Ectothermic species are among those especially sensitive to changes in the environment and have been known to display variable responses to the changing temperatures. One source of variation comes from the polyphenism displayed by ectotherms, like salamanders, to respond to diverse conditions in their environment. I will determine the effect of polyphenism on ectothermic animal responses to climate change using high elevation Arizona Tiger salamanders located at Mexican Cut Nature Preserve (MCNP). I will conduct critical thermal limit experiments with metamorphic, paedomorphic, and larvae salamanders. I will collect salamanders from ponds within MNCP to determine differences between displayed morphs as well as age classes. I expect metamorphic salamanders to display the widest thermal tolerance range amongst the adult and larval salamanders. I will also conduct a combined lab and field acclimation experiments to determine the natural ability for these organisms to respond to changes in their environment. I will collect salamanders from within MCNP at different portions of the active season (early, mid-season, and late) and conduct critical thermal experiments to calculate changes in critical limits across each degree change in temperature. My study will examine the relationship between environmental cues, temperature, and morphology and contribute to a growing field to understand amphibian responses to climate change in order to develop plans to respond and conserve populations globally. This project will also expand upon the existing research occurring at Mexican Cut through Dr. Howard Whiteman and his colleagues.",Ecology and Evolutionary biology,Animal Behavior; Aquatic Biology; Community ecology; Vertebrate biology,RS2022-670,5/1/2022,4/15/2023
Elsa Godtfredsen,The Impacts of Early Snowmelt on Subalpine Plant Reproduction and Survival,"Snowmelt is a vital source of spring soil moisture in high elevation plant ecosystems. Climate change is causing a shift to earlier snowmelt timing which can cause changes in flowering phenology and a higher risk of drought for high elevation plant species. Drought stress represents a significant barrier to plant reproduction and can reduce plant floral characteristics and survival. The proposed project will study the impacts of climate change-induced early snowmelt on a subalpine four plant species at the Rocky Mountain Biological Lab in Gothic, Colorado in the summer field season of 2022. I will conduct an early snowmelt manipulation and monitor the physiology, floral characteristics, pollination, and demography of four perennial plant species from May until August. The species are from three genera and represent a gradient of phenological flower timing. I hypothesize that there will be differential effects depending on the timing of flowering of the study species. Earlier flowering species will be less effected by drought stress while later flowering species may have increased exposure to drought stress. The proposed project will produce a multi-species data frame that can be used both in further study of climate impacts on sensitive subalpine ecosystems.",,Climate change; Phenology; Plant biology; Pollination; Species Interactions,RS2022-671,5/1/2022,4/15/2024
MACKENZIE SCURKA,Decomposing Sources of Variation in Marmot Flight Initiation Distance,"A variety of factors shape an animal?s antipredator behavior. Flight Initiation Distance (FID) is a common measurement for evaluating antipredator behavior and is used to assess an individual?s shyness or boldness. Numerous FID studies have shown that an animal?s FID is an economic decision that is sensitive to both the costs and benefits of flight. While there is some evidence that individual animals may have consistent FIDs, and there are several genes associated with FID, few studies have quantified the heritability of FID. Knowledge of heritability permits us to understand the potential of a trait to evolve within a population, and heritable variation is yet another mechanism that permits animals to respond to a dynamically changing world. I propose to study the heritability of FID in a wild population of yellow-bellied marmots (Marmota flaviventer). I will use a statistical model (called the ?animal model?) to identify the degree to which genetic and non-genetic factors explain the variation of antipredator behavior. To my knowledge, there are only two previous studies that have calculated the heritability of FID in any species. Thus, while we generally expect that an animal?s fear response is shaped by both genetic and environmental factors, if we find strong heritability associated with FID, we can infer that an animal?s fear response is relatively ?fixed? and less likely to fluctuate given the situation. This might suggest that new human-induced threats in the environment may lead to an evolutionary response and select for either bolder or shyer animals. If bolder animals are favored, as has been suggested in theoretical models, marmots (and other species with heritable fear response) may become more vulnerable to predation. Additionally, predicting how animals will respond to new threats like urbanization or ecotourism could be a valuable tool for wildlife managers in the face of rising human-wildlife conflict.",,Animal Behavior; Other,RS2022-672,6/1/2022,4/15/2023
Sébastien Rivest,The causes and consequences of pollen defenses,"The pollen of multiple plant taxa has been demonstrated to produce toxic compounds or to exhibit mechanical defense. At least some of these defenses have been found to be detrimental to pollinators. However, the causes for the presence of defended pollen and the ecological and evolutionary consequences of these defenses remain mostly unknown. The goal of my project at RMBL is to determine the causes and consequences of chemical and mechanical defenses in pollen. I am conducting experiments to test if 1) pollen defense compounds protect flowers against pollen consuming antagonists, 2) if those compounds affect visitation by pollinators, and 3) if pollen defense restricts the host-plant use of bees.",,Insect biology; Plant biology; Pollination; Species Interactions,RS2022-673,5/1/2022,4/15/2023
Leah Veldhuisen,Facilitation and Phylogenetic Structure of Montane Plant Communities,"One important question in community ecology is how species interact with one another, and whether these interactions are beneficial or detrimental. Co-flowering of different species within a plant community may increase competition for pollinator resources, but it may also be facilitative and increase pollinator visits and plant fitness. Climate change is also driving shifts in phenology that may change co-flowering patterns. This study aims to determine whether co-flowering in plant communities changes the fitness outcomes for the co-flowering species. These interspecies interactions may also be a factor in community phylogenetic makeup. I will investigate whether co-flowering and associated fitness benefits are related to the phylogenetic makeup of the community. With plots at three different elevations, I will also determine whether the relationship between co-flowering, fitness, and phylogenetic relationships changes between elevations. ",Ecology and Evolutionary biology,Community ecology; Phenology; Plant biology; Pollination,RS2022-674,6/6/2022,4/15/2024
Lena Bixby,"Conifer and Aspen effect on SOC, hydrological, and weathering dynamics","Forests made of aspen and sub-alpine fir are common in mountainous regions. These regions are experiencing change in temperature, precipitation, and length of growing season, which may have a direct impact on the vegetation that thrives. As such, sub-alpine fir trees have been encroaching on aspen stands in several parts of the U.S. Since carbon pools behave differently beneath the two stand types, this may influence the processes that are happening in the soils. Most importantly, this may alter the rate of soil formation, chemical weathering fluxes, and more generally the carbon budget. Therefore, the aim of this research is to answer the question: How sensitive are carbon and weathering fluxes to a shift in vegetation (aspen vs. conifer) in montane systems? To address this question, we will collect soil and root data up to 110 cm deep and parameterize a reactive transport model to quantify the differences in solute and carbon fluxes from the critical zone. ",,Biogeochemistry; Climate change; Geology; Hydrology; Long-term research; Microbiomes; Modeling; Plant biology; Soil/microbial ecology,RS2022-675,6/1/2022,4/15/2024
Amy Iler,Consequences of phenological shifts and pollination for plant populations,"Non-technical Abstract (Project 1): Climate change is predicted to decrease biodiversity by increasing the extinction risk of many species, but there are very few examples of climate change actually leading to population declines, because this is a challenging topic to study. One prominent way that climate change is expected to affect populations is by changes in the timing of life-cycle events, such as flowering date or date of emergence from hibernation. Despite changes in the timing of such events being one of the most widespread biological responses to climate change, incredibly little is known about whether and how changes in timing affect popualtions, especially for plants. This project therefore aims to link climate change-induced shifts in the timing of life-cycle events, such as leaf-out and flowering, to plant population dynamics. We are conducting a field experiment where we experimentally advance the timing of leaf-out and flowering in several plant species by melting the snow early. These plants will be compared to control plants to learn how these earlier life-cycle events affect plant survival and reproduction. The data from the field study will be used to build population models that will allow us to understand whether earlier life-cycle events increase or decrease plant popualtions, and why (or have no effect). In doing so, this project will be one of the most comprehensive assessments to date of the risk that climate change-induced earlier life-cycle events pose to plant biodiversity. Non-technical Abstract (Project 2): Pollinator populations are declining, but we have a very poor understanding of the ecological consequences of these declines. There is widespread concern that many flowering plant species will decline in tandem with pollinators because approximately 87% of flowering plants rely on animal pollination for their reproduction. Increases in pollination typically increase the number of seeds a plant can make, and because of this, scientists who study pollination often assume that changes in the amount of pollination have direct consequences for the persistence of plant populations. However, the number of seeds a plant makes typically does not limit population growth, especially for perennial plants. This suggests that alterations to pollination may not actually have extensive consequences for plant populations. But no studies have connected pollinator-mediated declines in seed output to the actual ability of a plant population to persist. This project makes that connection using mathematical population models informed by data from a field experiment. In doing so, this project will advance basic scientific knowledge by bridging two ecological subfields that are surprisingly disconnected, and it will increase our understanding of the ecological consequences of pollinator declines.",,Climate change; Community ecology; Long-term research; Phenology; Plant biology; Pollination; Species Interactions,RS2022-676,4/15/2022,4/15/2027
BRAD TAYLOR,Linking changing snowpack to stream ecosystem structure and function,,Ecology and Evolutionary biology,Aquatic Biology; Biogeochemistry; Climate change; Community ecology; Disease ecology; Food web biology; Hydrology; Long-term research; Species Interactions,RS2022-677,5/1/2022,4/15/2027
Howard Whiteman,Evolutionary Ecology and Conservation Biology of Amphibians,"My proposed research focuses on how climate change is impacting Tiger Salamander populations through both observation and experimentation. Climate change is particularly strong at high elevations and potentially influential on the biology of amphibians. Building upon three decades of research, my collaborators and I are exploring how changes in temperature and precipitation have and continue to change the life history and population dynamics of this species. Specifically, we propose to continue our population monitoring, increase our environmental monitoring, continue implanting internal temperatures within the salamanders themselves, and conduct a series of experiments aimed at understanding how elevation, temperature, and density may interact to affect important developmental milestones. Additionally, my lab proposes to continue our work at understanding the disease issues affecting Boreal Toads and to explore methods that can aid the restoration of this state-endangered species.",,Animal Behavior; Aquatic Biology; Climate change; Community ecology; Disease ecology; Food web biology; Long-term research; Modeling; Phenology; Species Interactions; Theory; Vertebrate biology,RS2022-678,6/1/2022,4/15/2027
Rachel Cohen,The Connection Between Parasitism and Reproduction in Parasitic Plants,"Parasitic plants attach to other plants and ?steal? water and nutrients. Accounting for approximately 1% of all flowering plants, parasitic plants cause billions of dollars worth of damage to agricultural fields annually. In natural systems, parasitic plants have been shown to play important ecological roles due to their close associations with host plants. Despite this, basic research that addresses how the process of parasitism may affect parasitic plant evolution is lacking. Characterizing the genetic mechanisms that underlie parasitic attachment to host plants will be integral to understanding the ecology and evolution of parasitic plants. Recent work on the gene expression during the attachment process suggests that parasitic attachment genes may also play an important role in the function of pollen as part of the normal reproductive process in plants. If the genes that control parasitic attachment also play a role in normal reproduction, that may impact the way in which parasitic plant reproductive systems evolve. To investigate this connection further, I will 1) compare the genes expressed during attachment and reproduction and 2) conduct a series of experiments to compare pollen function in parasitic vs. non-parasitic plants. My results will have implications for the broader process of diversification in parasitic plants.",,Genetics; Plant biology; Pollination,RS2022-679,6/1/2022,4/15/2023
James Rees,Investigating sedimentation rates and carbon storage in beaver ponds,"Beavers are ecosystem engineers, modifying the physical complexity of rivers and floodplains. Beaver dams can attenuate and store water, sediment, carbon, and other constituents, but many questions remain. For example, the timescale and spatial variability of sediment accumulation behind beaver dams has been investigated over long timescales (e.g., centuries to millenia) and short timescales (e.g.,",,Geology; Hydrology,RS2022-680,5/1/2022,4/15/2024
Kailen Mooney,Plant-Herbivore Interactions Along Elevational Gradients,"Insects feeding affects plant growth and has driven plants to evolve and invest in costly defenses. The evolutionary ecology of plant-herbivore interactions has important implications for understanding both natural ecosystems and for the agricultural systems that humans depend on for both food and fiber. The elevational gradients surrounding RMBL provide a natural laboratory to study how plant-herbivore interactions vary in response to climatic variation. We are testing how plant damage varies from low to high elevations and, correspondingly, how plant investment in herbivore defenses varies. This work provides insight into the evolution of plant defense, and also how these interactions are likely respond to climate change.",,Animal Behavior; Climate change; Community ecology; Food web biology; Insect biology; Plant biology; Species Interactions; Theory,RS2022-681,5/1/2022,4/15/2025
Kristina Stinson,Ecology and impacts of non-native mustards in the subalpine zone,"Plants in the Brassicaceae (mustard) family are of broad interest to biologists. Phytochemical compounds unique to the Brassicaceae (i.e., glucosinolates) include secondary compounds that deter generalists, attract specialist insect herbivores, and deter fungal pathogen attacks. The specific concentrations and combinations of these compounds vary across different mustard taxa and may also change in response to abiotic conditions and through time. In high altitude meadow ecosystems like those around RMBL, native mustard species such as Boechera stricta, Cardaminecordifolia, and others are important hosts to specialist butterfly larvae. However in recent years, several exotic mustards such as Thlaspi arvense, Lepidium latifolium, Capsella species and Barbarea vulgaris, have been rapidly increasing in abundance across sub-alpine meadow and grassland/sage habitats, posing potential novel ecological and evolutionary interactions with native butterflies. In other ecosystems, invasive mustards are also known to disrupt native plant-mycorrhizal interactions and we have recently found this to be the case in the subalpine zone as well. The current project is a renewal of ongoing research on the ecology and impacts of non-native mustards in sub-alpine ecosystems. Over the next few years, my general plan of study is to begin to comprehensively document spatial and temporal variation in the phytochemistry and distributions of native and non-native mustard plants in the sub-alpine ecosystem around RMBL and the surrounding landscape. My specific research objectives are to: document abundance and distribution of invasive mustard species across local environmental/elevation gradients; measure temporal and spatial variation in the phytotoxicty and fitness of focal Brassicaceae species; and develop new experiments to test phytochemical responses to specific abiotic variables. The work will involve training new PhD students and REU students at RMBL and the research will inform our understanding of novel species interactions across spatial gradients now and under future climate scenarios.",,Climate change; Insect biology; Microbiomes; Phenology; Plant biology,RS2022-682,4/15/2022,4/15/2027
Amanda Klemmer,How a range shifting taxa alters interactions of established pond community,"Organisms that feed on plants play important roles in moving energy and nutrients though ecosystems, which underlies many services that ecosystems provide societies such as fisheries, clean drinking water, and carbon storage. However, the identity and abundance of organisms in ecosystems is changing as warm-climate species move into previously cooler regions that are disproportionately impacted by climate change. Understanding how these species movements alter ecosystem processes is an important step in anticipating and managing the impacts of climate change on ecosystems and their services. This research will investigate how the establishment and subsequent population boom of a novel aquatic insect species into high elevation wetlands influences the timing and magnitude of processes central to all ecosystems: the consumption of plant material, the cycling of nutrients that support plant and animal growth, the availability of prey for predators, and the connections between freshwater habitats and the surrounding terrestrial environment. In addition to scientific advancement, this research will advance early childhood education via kids? science camps, provide opportunities for public outreach via science tours at a field station, and train the next generation of scientists by engaging undergraduate students from historically underrepresented groups in field-based ecological research.",,Aquatic Biology; Climate change; Community ecology; Food web biology; Insect biology; Landscape biology; Long-term research; Phenology; Species Interactions; Other,RS2022-683,6/1/2022,4/15/2024
Berry Brosi,"Pollination Network Structure, Function, and Response to Perturbation","This renewal research application covers three distinct but related projects, all focused on pollination networks, their responses to perturbation, and the relationship between their structure and function. The first project, ?Quantitative Network Structure and Function? has two primary objectives: A) accurately measuring of quantitative network structure (i.e. intensity of interactions) with a focus on testing predictions about quantitative structure from theoretical work we are leading; and B) comparing network structure and function (seed production across multiple plant species) in drought (2018, 2020, 2021, potential future years) vs. non-drought years (2016, 2017, 2019, potential future years). The second project, ?Snowmelt Acceleration and Pollination Network Structure and Function?, is focused on temporally shuffling interaction partners in pollination networks via medium-scale (10 x 14 m) snowmelt acceleration experiments that are controlled and spatially replicated. The temporal re-shuffling occurs via changes in plant flowering phenology in manipulated patches, whereas we expect the pollinator community to remain relatively unchanged given that the scale of movement of individual pollinators is typically much larger than the spatial scale of our plots. The third project, ?Understanding Pollinator Functional Responses and Benefit Accrual Under Perturbation? is focused on improving the integration between models and empirical data in pollination networks. In particular, this work will for the first time empirically estimate the functional forms of 1) multi-species pollinator functional responses, i.e. how pollinator visitation changes with plant density, as well as plant and pollinator species identity; and 2) the numerical response (reproductive benefit accrual) of plants with respect to pollinator visits, i.e. how fecundity changes with pollinator visit frequency change. The benefit accrual component will involve new experiments focused on plant seed set. These empirically validated functional forms will then be incorporated into models, which we will subsequently test by conducting short-term perturbation experiments, in a full modeling-empirical cycle.",,Animal Behavior; Climate change; Community ecology; Genetics; Insect biology; Modeling; Phenology; Plant biology; Pollination; Species Interactions; Theory,RS2022-685,6/1/2022,4/15/2027
Olivia Vought,Investigating the Impact of Climate Change on Ecosystem Function,"I will be using the pre-existing WaRM network where warming and dominant species removal happens at a high and low elevation to determine how warming and removal impacts an ecosystem over the course of a growing season. Paying extra attention to the spring and fall, I will try to quantify how warming and removal impact ecosystem function (such as plant productivity).",,Biogeochemistry; Climate change; Climate science; Community ecology; Long-term research; Phenology; Plant biology; Soil/microbial ecology; Species Interactions,RS2022-686,5/1/2022,4/15/2023
Jackson Swilley,Understanding Watershed Processes in Complex Terrain,"Mountain headwaters provide much of the world?s water. In western North America, the Colorado River provides water for 30 million people and 4 million acres of irrigated agriculture. The western Colorado Rockies and the watersheds therein contribute a large portion of this water, making this region a key component of this hydrologic system to understand. The East River watershed and the Snodgrass Hillslope specifically, are representative mountain headwater systems with low human impact, making them ideal study locations. We plan install gages to measure streamflow at two locations on the Snodgrass Hillslope. We also plan to measure soil moisture at a multitude of locations across the hillslope. Having both sets of measurements, we can see how the two are related and begin to make broader inferences about the hydrologic processes of this hillslope and others like it. Additionally, our group and collaborating groups are recording atmospheric data, including things such as air temperature, wind speed, relative humidity, and others. This information can be used to approximate how much water is evaporating from the hillslope. Together, all of this information can start to tell us how much of the water that falls in an area is useable by humans and how much lost. It can also show us how various factors, take air temperature for example, might affect the amount of available water. Armed with this improved understanding, we can go on to hypothesize how changes in certain factors might change the availability of water in the future.",,Hydrology; Meteorology; Modeling,RS2022-687,4/15/2022,4/15/2023
Courtenay Ray,Mechanisms of alpine community assembly,,,,RS2022-688,5/1/2019,4/15/2023
Nhan Nguyen,dispersal choice of female golden-mantled ground squirrels,"Natal dispersal, the movement of individuals from birthplace to breeding site where they find mates, is crucial to understand because it plays a major role in population demography, genetic diversity, social structure, and distribution of individuals. To help made important decision like dispersal, animals must use cues from the environment to evaluate the decision between staying and leaving. Cues that juvenile animals may use to determine the dispersal decision include the density of adult animals in the natal area, density and interactions of siblings or closely related individuals, and their body condition at the time of dispersal. In this study, we will investigate whether body size at time of dispersal, density of kin, and kin interactions affect dispersal choice of the golden-mantled ground squirrels (Callospermorphilus lateralis), an asocial ground-dwelling squirrel in the Rocky Mountain Biological Laboratory (RMBL). In addition to newly collected data, we will also analyze archived data on female juvenile location and activity collected from the same population since 1990 at RMBL to test our hypotheses.",Ecology and Evolutionary biology,Animal Behavior; Long-term research; Vertebrate biology,RS2022-689,4/15/2022,4/15/2025
Mark Raleigh,Snow process studies in the East River Basin,,,Snow Science,RS2022-690,6/1/2022,4/15/2027
Kathryn Dawdy,The effects of advanced plant phenology on herbivory and plant demography,"The annual timing of life cycle events, known as phenology, can have strong effects on survival, growth, and reproduction, and can also affect species interactions. Phenology is often regulated by seasonal climatic cues, and therefore climate change is advancing phenology to earlier dates in many species across the world. However, plant phenology is advancing at a faster rate than the organisms that eat plants (herbivores), which invites the possibility of temporal misalignment between plants and herbivores that typically interact. Herbivory strongly impacts plant survival, growth, and reproduction, and therefore plant populations. Changes to plant populations can have ecosystem-wide consequences, so it is critical to investigate how altered timing of plant-herbivore interactions affects plants. However, almost no research considering this link focuses on consequences for plants, instead focusing on the herbivores. My research therefore investigates how advanced plant phenology changes herbivory and subsequently plant growth and reproduction. To do this, I will experimentally induce early plant phenology by causing the snow to melt early, since early snowmelt will be a major consequence of climate change. I will observe herbivory and plant growth and reproduction to decipher how plant performance is affected by altered plant-herbivore phenology.",,Climate change; Community ecology; Phenology; Plant biology; Species Interactions,RS2022-691,5/1/2022,4/15/2023
Ruben Alarcon,Impacts of dandelions (Taraxacum officinale) on plant-pollinator networks,"The purpose of this project is to document how non-native dandelions (Taraxacum officinale) affect plant-pollinator communities near RMBL. Jones (2004) tested if dandelions compete for pollinators with Delphinium nuttallianum, by removing dandelion flower heads from experimental plots. Although dandelions did not depress D. nuttallianum seed-set, Jones? (2004) study provides a unique opportunity to resurvey these plots after 25 years to address several questions as to how dandelions might be competing with native plants for pollinators and altering species interactions. The purpose of this project is to address the following three questions: Has dandelion flower abundance increased over the past 25 years? Do dandelions rewire plant-pollinator visitation networks? Do dandelions alter pollen-transport networks?",,Community ecology; Food web biology; Insect biology; Pollination,RS2022-692,6/1/2022,4/15/2025
Madeleine Strait,Effect of Accelerated Snowmelt on Plant-Pollinator Interactions,"This project is an extension of the accelerated snowmelt manipulation and network interaction sampling experiments from Berry Brosi?s Research Application. In addition to the plant-pollinator interactions and plant fecundity components included in the Brosi lab Research plan, I will extend this work by 1) collecting pollen from captured pollinators for DNA metabarcoding; 2) collecting flower stigmas to examine patterns of stigmatic pollen deposition; and 3) collecting seeds to subsequently investigate genetic diversity. Plant-pollinator mutualisms are dependent on the timing (phenology) of both species, i.e. plants must produce flowers at the same time that insects are foraging. Many plants that grow in high altitude habitats use snowmelt as a trigger for flower production, while insect phenology is driven largely by temperature [1]. In these montane habitats, snow is melting earlier than in the past [2]. This accelerated snowmelt may cause a de-coupling of emergence cues in plant-pollinator interactions, leading to a temporal mismatch. This concern is underscored by previous studies showing that plants are more likely to advance their phenology in response to warmer temperatures than insects [1]. In addition, earlier flowering in certain species can cause a decrease in plant fitness [3], specifically in high-altitude plants that bloom early in the season and are dependent on snowmelt timing [4]. The Brosi lab project investigating this topic involves snowmelt acceleration manipulations that are covered in detail in the Brosi lab Research Application. The work proposed here will extend the research from the Brosi lab Research Description in three ways. First, I will remove pollen from the insects that are captured from field sampling, for later DNA metabarcoding back at the University of Washington (UW). The pollen DNA metabarcoding will provide information about which plant species the pollinator visited prior to being captured [5]. This will also allow for a direct comparison of the networks built through interaction sampling and those built through metabarcoding [6]. Second, for the target plants for which the Brosi lab collects fecundity data, I will collect stigmas and seeds for a subset of individuals. The stigma collection component will further illuminate how earlier snowmelt is affecting plant reproduction by allowing me to connect snowmelt manipulation to conspecific pollen transfer, which is a key metric of pollination success. I will collect seeds for subsequent population genetic analyses (using ddRADseq, given that we are working with non-model organisms) analysis back at my home institution. This will allow me to better understand if the snowmelt acceleration experiments impact pollinator visitation in ways that cascade to gene flow (e.g. more or fewer visits to flowers within the same plant individual, or close by individuals).",,Climate change; Community ecology; Genetics; Phenology; Plant biology; Pollination; Snow Science,RS2022-693,6/1/2022,4/15/2023
Jacquelyn Fitzgerald,Drivers and consequences of bumble bee body size variation,"Body size is arguably one the most important traits influencing the physiology and ecology of animals. For bumble bees, size variation between and within castes is an essential component of their social organization. However, the precise ecological drivers and consequences of size variation remains poorly understood for bumble bees, which are both ecologically and economically important insect pollinators. Despite their ubiquity and importance, bumble bees are experiencing declines across the globe and over a third of assessed species are currently at risk of extinction. Bumble bees are hypothesized to be particularly at risk of decline in part because of their relatively large body size. In addition, there is evidence bumble bees are experiencing declines in body size, consistent with broader trends of declines in animal body size in response to climate change. By combining field-based size distribution data, foraging ecology, and data from long-term population monitoring, my research will shed light on potential mechanisms that drive bumble bee size declines and the outcomes of these declines on bumble bee ecology.",,Community ecology; Insect biology; Pollination,RS2022-694,4/15/2022,4/15/2023
Karissa Coffield,Adaptive Plasticity of Coloration in Response to Environmental Change,"When rapid environmental changes occur, different selective forces can create phenotypic trade-offs in which a trait can provide fitness benefits or costs under different environmental conditions. Amphibians are particularly vulnerable to environmental change, and previous research has revealed that some species will plastically respond to variation in temperature and ultra-violet radiation (UVR) by altering their coloration. Divergent selection on coloration may change with elevation and climate induced shifts in temperature because high temperatures are likely to result in lighter color morphs but as elevation increases, UVR exposure increases leading to the prediction that darker color morphs will be more common. I will evaluate the adaptive plasticity of coloration in Ambystoma mavortium, the tiger salamander, by testing the following hypotheses: 1) increased UVR levels will more strongly affect color plasticity than temperature; 2) older individuals will converge on similar coloration because color plasticity is more important to larval fitness; and 3) coloration will influence the thermal preference of salamanders. I will compare variation in coloration metrics of wild A. mavortium present at different developmental stages (hatchlings, larvae, and adults) along an elevational gradient in western Colorado. Individuals will be photographed, and coloration metrics (saturation, brightness, and hue) will be quantified using Adobe Photoshop to compare differences in coloration. The information I gather in this study can be used to further understand both phenotypic shifts organisms face under environmental changes and the consequences of those shifts, allowing scientists to better manage amphibians and providing a guide for the conservation of other species.",,,RS2022-695,6/1/2022,4/15/2023
Marshall Worsham,"Topography, forest structure, and drought response in subalpine forests","Forests are key components of water and carbon budgets in the Rocky Mountains. These ecosystems are increasingly exposed to water and temperature stress as drought conditions intensify across the western U.S. Understanding forests? sensitivity to drought and the factors that influence forest drought responses is essential for developing management strategies that conserve forests? ecological, recreational, and cultural value. The primary objective of the proposed research is to clarify the role of environmental and physiological factors in conditioning forest responses to drought. I propose to pursue three objectives over the next two years: (1) Complete a network of instrumented forest monitoring plots to understand the variable effects of solar radiation, snow accumulation, and subsurface properties on forest structure, growth, and dynamics; (2) quantify how tree growth rates vary with space and time over the climate record of the area; (3) characterize the variability of transpiration in the watershed?s dominant conifer species.",,Climate change; Community ecology; Hydrology; Long-term research,RS2022-696,4/15/2022,4/15/2024
Caitlin Wells,Reproductive phenology in golden-mantled ground squirrels,"Mammals living in high-altitude environments must time their reproduction carefully so that offspring are born when food is available. For hibernating squirrels, food does not become available in the spring until melting snow stimulates growth of green vegetation, hence these squirrels often must emerge from hibernation and mate before the snow melts. However, we don?t know what cues females use to anticipate the time of snow melt, in order to determine the correct time to mate, and we don?t know what the consequences are for females that mate too late or too early. This study proposes to address both questions. The results will not only increase our understanding of how mammals adapt to the strong seasonality of high-altitude environments, but it also may enhance our understanding of the effects of climate change. Scientists fear that one consequence of warming temperatures is that the cues that animals use to anticipate seasonal events may no longer accurately predict those events.",,Animal Behavior; Climate change; Genetics; Long-term research; Phenology; Vertebrate biology,RS2022-697,4/15/2022,4/15/2027
Susan Mullen,Microbial processes in the wetlands of the Brush Creek confluence,"Wetlands are the largest natural source of methane emissions, responsible for approximately one third of anthropogenic and natural emissions. Microbes are largely responsible for the methane emission in wetlands. Here I am proposing a field campaign where I sample the microbial communities of fifty soil samples taken at five different wetland pools adjacent to the Brush Creek confluence of the East River. I will use metagenome resolved metagenomics to study what microbes live in these wetlands and what their metabolic capacity is (in other words, what chemicals are they able to produce and consume). I am also interested in how these microbial processes with vary with distance from the drainage site, how these processes vary with depth, and how these processes vary from upstream to downstream. I anticipate that this analysis will be beneficial to other RMBL scientists, who are interested in understanding biogeochemical processes across ecosystems.",,Microbiomes; Microbiology; Soil/microbial ecology,RS2022-698,4/1/2022,4/15/2023
Blair Stokes,Microclimate effect on FBPase and larval development,"I am interested in how the environment affects organism development through natural genetic variation of metabolic processes. I am proposing a study using Colias eriphyle to look at how microclimate differences influence the natural genetic variation of fructose-1,6-bisphosphatase, a glycolytic enzyme, and larval development. Using a field set-up involving two locations, one in direct light and one in partial light, I will be able to determine if warming affects the survival and development of whichever genotypes are found to be present in the study population.",,Genetics; Insect biology; Other,RS2022-701,6/1/2022,4/15/2023
Dan Blumstein,Vertebrate antipredator and communication studies,"Since 2001, I have had an approved UCLA protocol to study antipredator behavior and communication in free-living birds by employing simple experiments. Many of these projects have been designed to study questions associated with wildlife conservation and management and/or to better understand human impacts on wildlife. In 2008 I extended this UCLA protocol to include other vertebrates (mammals, reptiles, amphibians, and fishes). UCLA supports this (admittedly) very flexible protocol that focuses on methods but not specific questions. Much of the proposed work will be conducted by undergraduate students at the RMBL (much of the UCLA work is conducted by students in my field and marine biology classes). Rather than citing specific references to justify a single question, I append relevant publications that illustrate the types of projects we have conducted below. At the RMBL I will design specific projects with the students? interests in mind. Projects will have to fit within procedures identified in this protocol. There are some that might not be focused on 'animals' per se and thus fall outside this protocol. For instance, there may be projects that broadcast sounds in the environment to study the 'habitat acoustics'. Such an experiment would not be targeted towards animals. I will provide close supervision of all work. The methods I describe below can be used to ask a variety of research questions and it is these methods that will likely be used by students conducting their projects. The experimental manipulations are relatively noninvasive. The animals are observed, but not handled, and are only minimally stressed or disturbed by a brief change in the environment. Similar sorts of experiments that I've done over the past two decades have caused limited disturbance.",,Animal Behavior; Vertebrate biology; Other,RS2022-703,6/1/2022,4/15/2027
Chloe Keck,"Integrating resource allocation, vision, and fitness in Speyeria mormonia",,,Animal Behavior; Community ecology; Insect biology; Long-term research,RS2022-704,5/1/2022,4/15/2023
Dan Blumstein,The marmots of RMBL,"The study of yellow-bellied marmots at the RMBL is the third-longest study of free-living, individually-marked mammals in the world. Over the next five years we aim to continue to collect demographic, genetic/genomic, behavioral, and endocrinological data to help develop a comprehensive view of marmot population biology and evolutionary dynamics of a variety of behavioral, physiological and life history traits. We will continue our studies of aging and senescence and hope to expand our studies of the causes and consequences of microbial diversity in the intestinal and oral microbiomes.",,Animal Behavior; Climate change; Disease ecology; Genetics; Long-term research; Microbiomes; Modeling; Phenology; Vertebrate biology,RS2022-705,4/1/2022,4/15/2027
Laura Watt,Continuing Archival Research of the Environmental History of RMBL,,,Other,RS2022-715,6/1/2022,4/15/2024
Lara Kueppers,GLORIA @ RMBL,,,Climate change; Community ecology; Landscape biology; Long-term research,RS2022-716,6/1/2014,4/15/2024
Austin Simonpietri,Ecohydrological Controls on the Soil CO2 Flux up an Elevation Gradient,"Mountainous ecosystems are currently experiencing a lot of change in their water inputs. With the dominant water source, snowpack, decreasing and melting earlier. This change in the primary water source not only influences the aboveground functioning of the ecosystem, but also the belowground part as well. The belowground ecosystem is comprised of microbes that breakdown organic matter and plant roots that are growing to access crucial nutrients and water. Both the microbes and roots respire CO2 when they are conducting these functions in the belowground ecosystem. Our research aims to understand how changes in moisture inputs, such as changes in snow depth and monsoon rains influences these belowground ecosystem up an elevation gradient in the East River Watershed, near Crested Butte Colorado. We will quantify the CO2 produced by both the microbes and the roots up the elevational gradient and see how each respond to environmental changes within and between years. To do this, we will combine continuous soil CO2 measurements with spatially distributed soil surface CO2 measurements and novel radiocarbon methods which will enable us to separate the plant and microbial sources of the CO2 and identify how they vary in space and time. These measurements will be paired with forest green up, snow melt, microbial activity, and environmental factors such as air and soil temperature, soil moisture, and groundwater flow. These sampling sites will be taken in the two dominant forest types, Spruce/Fir, and Aspen in the East River Watershed. Our work is motivated by our overarching hypothesis that separately quantifying how below-ground microbe and roots are influenced by the changing water inputs, is necessary for understanding the below-ground forested ecosystems resilience to a changing environment.",,Climate change; Long-term research; Microbiology; Phenology; Soil/microbial ecology,RS2022-717,6/1/2022,4/15/2023
Kristin Boye,Zinc transport mechanisms from alluvium into the upper Slate River v2,,,Biogeochemistry; Hydrology,RS2022-718,6/1/2022,4/15/2023
James Thomson,Glacier Lily Demography,,,Plant biology; Pollination,RS2022-722,6/1/2020,4/15/2025
Carrie Wu,Response of plant volatiles to a changing thermal environment,"Flowering plants emit hundreds of volatile organic compounds (VOCs) through their leaves and flowers that give them characteristic scents. Those compounds can be attractive to pollinators or deter herbivores, and contribute to processes of reproductive isolation and speciation. However, how the emission of these volatiles might vary in response to changing environmental conditions, and whether this plasticity is adaptive, remains poorly understood. The overall amount or composition of scent blends could change with temperature, potentially altering communication cues and consequently levels of pollination or herbivory. This project uses artificial warming chambers to manipulate the temperature of plants in the field, to examine how plant volatile organic compounds known to be important for pollinator visitation respond to increased temperature, using a well-established plant system that is already experiencing a changing growing season.",,Climate change; Plant biology,RS2022-737,4/1/2022,4/15/2023
Gregory Ragland,Field collections of Dipterans (flies) for genetic and seasonal monitoring,"My lab studies how insects adapt to variable environments to tolerate environmental extremes and to synchronize their life cycles with seasonal variability. In this project we will be collecting several fly species that we will use to establish lab lines for environmental manipulation experiments, and one species that we will use as one of many geographic samples in a larger study of adaptation across the landscape.",,Climate change; Genetics; Insect biology; Phenology,RS2022-771,4/15/2022,4/15/2023
Zachary Taylor,Paleoenvironmental reconstruction in the Gunnison Basin from sediments,"Lake and fen sediments are rich archives of information about past environments. Near RMBL, these sediments have the potential to reach back 18,000 years to the Last Glacial Maximum. Through the analysis of pollen grains, charcoal fragments, and sediment geochemistry, the goal of this project is to reconstruct past vegetation communities, fire dynamics, and climate in greater RMBL region. Increased understanding of the impacts of past climate changes on ecosystems provides valuable information that will help land managers better prepare for future conditions.",Geology,Biogeochemistry; Climate change; Climate science,RS2023-902,1/1/2024,4/15/2025
Mariah Carbone,Response of plant and microbial respiration to changing cold season climate,"Winter is changing in the western US mountains. There is less snowfall, snow is melting earlier in the spring, and the warm summers are becoming longer. These changes in winter and water availability impact forests. Belowground in the forest soil, microorganisms break down organic matter, releasing carbon dioxide (CO2), an important greenhouse gas that is warming Earth. Plant roots produce CO2 also, via their metabolism. Our research seeks to understand how changes in winter snowpack influence the amount of CO2 produced in soils in the East River watershed, near Crested Butte, Colorado. We will quantify the production of CO2 by microorganisms and plant roots across different elevations and seasons. We will work in the two main forest types of the region, evergreen spruce/fir and deciduous aspen, applying unique experimental measurements. We will make use of existing long-term measurements to understand how past changes in snow amount and duration of cover have affected soil CO2. Information gathered from our experimental work and data analyses will be used to improve predictions of soil CO2 produced in the future using models. Our proposed work is motivated by the hypothesis that changing winter snow amounts will impact how microorganisms and roots function separately, and thus understanding these influences is necessary to predict how the ecosystems will respond to future climate.",Earth Systems Science,Biogeochemistry; Climate change; Climate science; Phenology; Soil/microbial ecology,RS2024-910,5/1/2024,4/15/2029
Clifford Adamchak,Beaver Ponds: Methylmercury Production and Export in the Western U.S,"The western United States (U.S.) is experiencing severe drought conditions exacerbated by climate change. As annual precipitation and runoff generation decline, American beaver (Castor canadensis) populations are increasing, in part due to reintroduction efforts aimed at restoring water resources. With time beaver institute a pattern of dam building and abandonment that drastically influence the river corridor through alterations to the geomorphology and the biogeochemistry. Beaver dams have variable impacts on the production of methylmercury (MeHg), a neurotoxin that can bioaccumulate and biomagnify with successive trophic levels. Methylation is driven by myriad biogeochemical processes that are mediated by geomorphic processes and the physical template. Previous work has demonstrated that beaver ponds create conditions for methylation, the rate of which fluctuates throughout the year (Roy et al., 2009a; Roy et al., 2009b). In Summer 2024, I will collect samples to quantify total mercury (THg), MeHg, sulfate (SO42-) reduction rates (SRR), methylation and demethylation rates, among other biogeochemical measurements in sediment, surface, and porewater. Together, the data will reveal the dominant mechanisms within differently aged beaver ponds throughout the year that drive the production and export of MeHg, providing information to stakeholders about the implications beaver have for water quality. Effectively communicating science to the community that uses the resource under investigation is crucial. Final steps will include making CZ case studies that can be used by the geoscience community for undergraduate teaching and to present to the community that the research was conducted in.",Other,Biogeochemistry; Hydrology,RS2024-912,4/15/2024,4/15/2026
Benjamin Blonder,Plant community dynamics in a changing environment,"Predicting the responses of species to environmental change is a key goal for community ecology, especially in applied management and restoration contexts. My research focuses on this general challenge in two complementary contexts: alpine plant community assembly, and quaking aspen forest responses to drought and other stressors.",Ecology and Evolutionary biology,Climate change; Community ecology; Genetics; Landscape biology; Long-term research; Modeling; Plant biology; Species Interactions,RS2024-913,5/1/2024,4/15/2029
John Harte,Vegetation Recovery after Termination of Heating,"Much research at RMBL and elsewhere has focused on the effects of climate warming on plant communities. Less studied is how these communities will recover upon termination of heating. Although society is unlikely to actually reduce atmospheric greenhouse gas levels in the coming decades, it is nevertheless of interest to understand how reversible are the ecological effects of warming. Do ecosystems undergo tipping-point-like transitions under warming that lock in change even when warming is reversed, or can we expect recovery of our altered ecosystems should society ever be able to undo the current phase of warming? If so, on what time scale? RMBL provides an opportunity to address these questions by taking advantage of the termination in 2019 of the long-term meadow-warming experiment. In that experiment, measurements revealed significant shifts in plant dominance and flowering success in heated versus control plots. This study will measure these same vegetation variables at least up to 7 years post-termination, to determine the degree to which vegetation in the former heated plots is recovering to levels observed in the former control plots.",Ecology and Evolutionary biology,Atmospheric Science; Climate change; Community ecology; Long-term research; Modeling; Plant biology; Theory,RS2024-915,4/15/2024,4/15/2027
Emily Mooney,Insects on Ligusticum,"Plants are consumed by a variety of insect herbivores. These herbivores vary in abundance from place to place and over time. The purpose of this project is to monitor the abundance and phenology of insects and other arthropods on the focal plant Ligusticum porteri. The primary herbivore of interests are aphids, which colonize host plant flowering stalks. Since 2017, we have conducted weekly censuses at twenty sites along an elevation gradient. These different sites provide varying combinations of temperature and snow melt timing, which we also monitor. We use these data to assess associations between herbivore abundance and the biotic and abiotic factors that vary among sites and study years. These associations provide insights into the impacts of climate change on plant-herbivore interactions.",Ecology and Evolutionary biology,Climate change; Insect biology; Phenology; Snow Science,RS2024-916,4/15/2024,4/15/2027
Corey Lawrence,Regional Assessment of Drought Impacts on Soils,"Regional Assessment of Drought Impacts on Soils: Development of an integrated soil functional mapping framework. Soils serve critical roles in most terrestrial ecosystems. In particular, the accumulation of soil organic matter is an important function supporting ecosystem productivity and serving as a feedback to climate change. With the more frequent occurrence of extensive and persistent drought conditions in the Western US, there is an urgent need to improve our ability to map soil organic matter and forecast how it may respond. To address this need, we are developing and testing an integrated framework for measurement, mapping, and modeling of soil functions at a regional scale in the East River and surrounding watersheds. This work will result in development of detailed maps of soil properties, a community accessible archive of soil samples, and an integrated framework for modeling changes in soil functions (not limited to soil organic matter storage) across the region.",Earth Systems Science,Biogeochemistry; Climate change; Geology; Long-term research; Modeling; Phenology; Plant biology; Soil/microbial ecology,RS2024-917,5/1/2024,4/15/2027
Kyla Knauf,Wildflower Reproduction Phenology and Seed Traits under Early Snowmelt,"As snow melts earlier in the spring due to climate change, it has the potential to cause shifts in flowering time, especially for spring wildflowers. However, research on this topic often focuses solely on flowering time, with little regard for subsequent seed production and maturation timing. Cohesive research on the entire reproductive stage (flowering and seed production), and how timing of this stage impacts seed traits, is crucial for truly understanding the effects of early snowmelt on wildflower reproduction. Therefore, for three seasons, I will monitor the flowering and seed maturation of six subalpine spring wildflower species at the Rocky Mountain Biological Laboratory from both early snowmelt and control plots. I will then collect a subset of these seeds and analyze their viability, germination, and traits in the Chicago Botanic Garden laboratory and greenhouses.The results of this study will provide novel insight into early snowmelt impacts on spring wildflowers, as well as provide a framework for restorationists who struggle to determine the appropriate seed collection timing and quantity under climate change.",Biology,Phenology; Plant biology,RS2024-919,4/15/2024,4/15/2027
Rick Williams,Expanding Natural History and Community Science Resources at RMBL,"Natural history collections and community science are increasingly recognized as important data sources for the study of global change biology. Natural history collections, such as herbaria, document changing diversity, distribution, phenology, morphology and genetics over decades and centuries. They also provide many opportunities for education and outreach in taxonomy, ecology and conservation. Community science initiatives, such as iNaturalist, likewise expand the range, in time and space, of data generated on species distributions and phenology and provide an engaging platform for education and outreach in natural history. The natural history collections and curated iNaturalist observations at RMBL serve an increasingly wide array of users and the herbarium is an important resource for plant identification and data archiving for scientists, students and the public. Over the next 5 years I plan to expand and improve the collections, facilitate access to collection data, and utilize natural history collections and community science for research, education and outreach.",Ecology and Evolutionary biology,Climate change; Community ecology; Genetics; Insect biology; Landscape biology; Long-term research; Phenology; Plant biology,RS2024-920,4/15/2024,4/15/2029
Jacquelyn Fitzgerald,"Bumble bee thermal tolerance, climate variation, and population trends","All living things are bounded by temperature. Too hot, and biological functions start to breakdown, like a car overheating. Too cold, and life hits pause, like a computer freezing. Different species have different temperature limits, depending on where they live and what season they are active in, and individual organisms can have different limits depending on their life stage and body size. Understanding these limits and how they vary can help us better understand how species cope with their natural environment and environmental change. Some animals, like humans, can make their own heat and maintain a constant internal temperature regardless of their surroundings, while some, like reptiles, rely on environmental sources of heat, like the sun. A few groups of animals do both, including bumble bees. Like other insects, bumble bees are sensitive to environmental temperatures, but are also able to vibrate their wing muscles to warm their bodies. This is part of what allows bumble bees to live in cold environments, like the Colorado Rocky Mountains. However, bumble bees can vary a lot in ways that may affect their ability to tolerate temperature extremes. Different species are active at different times of the year, as are the social castes queens and workers, which may influence their hot and cold tolerance. Different individual bees may also vary in their thermal tolerance based on their body size, as smaller sized organisms tend to lose heat faster and get colder more quickly. These difference in thermal tolerance are important for the basic biology of bumble bees and can help us predict how bumble bees may be affected by changing temperatures under climate change.",Ecology and Evolutionary biology,Climate change; Insect biology; Pollination,RS2024-921,4/15/2024,4/15/2025
Harry Stone,Modeling Drivers of Summer Streamflow Changes at the Micro-catchment Scale,"Mountainous watersheds, such as the Colorado River Basin, are key sources for a diversity of human needs and are under threat from climate change. The Colorado has seen a precipitous drop in river flows, endangering the water supply of 1 in 10 Americans. This study posits increased summertime evapotranspiration (ET) from rising temperatures is a primary driver of this water loss. Furthermore, subsurface flow will continue to subsidize high ET-areas causing future streamflow declines as temperatures in the Colorado River Basin continues to accelerate. To investigate these theories, an intensive monitoring and data collection campaign will occur on the representative micro-catchment of Snodgrass Mountain outside Crested Butte, CO to quantify and bound ET dynamics. Data collected on Snodgrass will be then used to help inform a high-resolution hydrologic model of the watershed to simulate future ET trends, with important implications for water supply and management.",Hydrology,Climate change; Hydrology; Snow Science,RS2024-923,4/15/2024,4/15/2027
Evan Ramos,Clay formation and organic matter stabilization across an alpine watershed,"Soil organic carbon (OC) constitutes the largest terrestrial pool of carbon, and changes in its size have the potential to modulate atmospheric CO2 levels. As such, the underlying controls on OC stabilization and their sensitivities to climatic change have been increasingly scrutinized. The existing paradigm for OC stabilization suggests that due to their high specific surface areas and negatively charged surfaces, secondary clay minerals that form in soil protect OC from oxidation. Thus, a direct relationship between clay mineral abundance and OC may hold across soil types and climates. Despite this understanding, reactive transport models (RTMs) cannot reconcile soil geochemistry and OC profiles, pointing to knowledge gaps regarding organo-mineral interactions and their constitutive controls. Consequently, these challenges result in great uncertainty in the treatment of soil OC dynamics in Earth systems models and their concomitant effects on future climate projections. To further understand clay mineral formation and its relationship with OC dynamics over a hydrologic year, Here we propose to advance our understanding of clay mineral formation, OC stabilization, and their controls across a recently deglaciated, headwater catchment (East River watershed) using high-frequency geochemical analyses that track clay mineral formation. Preliminary analyses, including a numerical inversion of a solute time series show that the amount of cation uptake by clay varies on short (event) timescales. These same events also feature changes in dissolved carbon species, which may be plausibly linked to the dynamics of clay mineral cycling. Following these results, we designed preliminary RTMs that include Li isotopes: a novel proxy for clay formation. The models predict a covariation in Li isotope ratios (in sediment and soil water) with solid-phase and dissolved OC. Together, these results support clay mineral formation as a dynamic and seasonally modulated process that is closely linked to OC dynamics. Planned measurements of Li isotope ratios of soil, river water, and bedrock in the East River, along with new RTMs with variable organo-mineral couplings, will help validate these preliminary findings.",Earth Systems Science,Biogeochemistry; Climate change; Geology; Hydrology; Soil/microbial ecology,RS2024-924,4/15/2024,4/15/2027
Katie Adler,Evaluating mechanisms underlying disturbance-related demographic change,"Human development is expanding rapidly into wildlands to keep up with exponential population growth, forcing wildlife to either emigrate or adapt to increased disturbance. Species that adapt often exhibit behavioral changes that can have subsequent survival consequences. Despite a strong focus on urbanization?s impact on species behavior, there is increasing evidence of behavioral shifts occurring at a low-density, rural scale. In particular, changes in antipredator behavior and sociality may be altered by small-scale anthropogenic development. Antipredator vigilance and flight initiation distance can directly affect survival-related behaviors such as foraging or reproduction. Social structure and individual social relationships have been found to have complex impacts on species survival. While both vigilance and sociality have been studied extensively, little is known about how built structures may alter these behaviors by impeding an animal?s visibility of a landscape. The yellow-bellied marmot (Marmota flaviventer), a social, behaviorally adaptable rodent, is an ideal model species to analyze the relationship between rural human disturbance and behavior. Previous studies have determined that marmot behaviors, such as vigilance and mating, influence their survival, which may impact their demography. Marmots can acclimate to humans, which may also have long-term survival consequences. My study goals are to: 1) determine whether there are significant differences in antipredator behaviors in disturbed versus undisturbed areas; 2) determine whether there are significant differences in social behaviors in disturbed versus undisturbed areas; and 3) use statistical models to pinpoint any underlying mechanisms that may influence species demography in response to human disturbance. I aim to fill a crucial knowledge gap in how wildlife are influenced by rural anthropogenic development through changes in landscape visibility. My results can be useful for future studies on how disturbance influences wildlife behavior and may create novel insights for the conservation management of social species in human-modified environments.",Ecology and Evolutionary biology,Animal Behavior; Long-term research,RS2024-925,4/15/2024,4/15/2027
Lara Kueppers,"Climate effects on forest structure, dynamics and hydrologic function",,Earth Systems Science,Climate change; Landscape biology; Long-term research; Modeling; Plant biology,RS2024-927,4/15/2024,4/15/2029
Sam Pierce,Beaver dam influence on floodplain hydro-biogeochemistry,"This research investigates the ecological impact of beaver dam analogs (BDAs) on gravel bed river floodplains, focusing on Trail Creek in Gunnison County, Colorado. Historically, there were significant reductions in North American beaver populations, altering floodplain dynamics including, but not limited to, reduced hydrologic connectivity, depleted summer baseflow, and lessened capacity to store carbon and metals. Recently, the importance of beaver dams for riparian water and nutrient retention, as well as other ecosystem benefits, have been recognized. This study aims to understand how BDAs can enhance summer and late season baseflow volumes and hydrologic connectivity while also assessing their role in trapping colloidal carbon and metals. The project will leverage already installed and planned BDAs, as well as natural beaver dams, to establish before-and-after datasets. The findings are expected to contribute valuable insights into low-tech process-based restoration techniques and improve our understanding of complex ecosystem interactions and adaptations to climate-induced changes in glaciated mountain landscapes.",Earth Systems Science,Biogeochemistry; Hydrology,RS2024-928,5/1/2024,4/15/2027
Alison Brody,Effects of herbivory on life-history and long-term demography.,"The effects of herbivore damage on plant reproductive success are most often assessed by counting fruit and seed production over a few years. Long-term, demographic data sets can be extraordinarily useful in elucidating patterns that cannot be revealed within the timeframe of a typical, 2-4 year project. I have monitored the demography of several populations of two long-lived, perennial plants, Sticky Polemonium (Polemonium foliosissimum) and Scarlet Gilia (Ipomopsis aggregata) in and around the RMBL, off and on, for over 12 years for each species. Both are subject to frequent predispersal seed predation and herbivory by deer which sometimes reduces their annual reproductive success to zero. The two species are uniquely different in that one, Scarlet Gilia, is a long-lived but monocarpic perennial and the other, Sticky Polemonium, also a long-lived perennial, exhibits a rare breeding system (gynodioecy) in which some individuals are typical, hermaphrodites while others function only as females. These differences in reproductive strategies, along with other life-history traits, provide exciting opportunities to ask questions about the effects of herbivory on demographic processes, sex-ratios, and life-history traits. Over the next five years, I aim to accomplish two overarching goals: 1) analyze my long-term data sets for each species to reveal the ways in which herbivore damage affects life history traits and population growth rates; and 2) continue to monitor populations of Sticky Polemonium to examine the stability of sex ratios within and among populations over time and assess if herbivory levels are correlated with changes in sex ratios.",Ecology and Evolutionary biology,Long-term research; Plant biology; Species Interactions,RS2024-930,4/15/2024,4/15/2029
Ren Weinstock,Impacts of Climate Change on Bee Behavior across Socio-Ecological Contexts,"In order to understand how climate change will impact bee populations, it is important to learn how increased temperature will alter bee behavior. This project will explore the impacts of heat stress on the behavioral mechanisms of two different bee populations to understand how the socio-ecological environment influences bee response to climate change. This research will also test a molecular mechanism for regulating heat stress and behavior across socio-ecological environments.",Biology,Animal Behavior; Climate change; Genetics; Insect biology,RS2024-931,5/1/2024,4/15/2025
Elsa Godtfredsen,Impacts of Early Snowmelt on Subalpine Plant Reproduction and Survival,"Snowmelt is a vital spring water source and also cues the phenology (life cycle event timing) of subalpine plants. Climate change is causing snowmelt to happen earlier in the spring and precipitation to become more variable, which can affect plant-pollinator interactions, plant reproduction, and plant survival; over time, these impacts could threaten plant species persistence in mountain areas. In my research, I experimentally changed both snowmelt timing and precipitation amount to understand the consequences of climate change for subalpine plants. Specifically, I used shade cloth set out in early spring to cause earlier snowmelt and rain out shelters to reduce precipitation and then measured the flowering timing, plant and flower size, flower rewards (nectar and pollen), pollinator visitation frequency, drought stress, survival, and number of seeds of four subalpine plant species. My preliminary results from conducting these experiments from 2021-2023 suggest that while earlier snowmelt causes a consistent shift to earlier flowering timing in all species studied, it has both negative and positive effects on pollinator visitation, plant size and fruit number depending on the seasonality of the year and the species. For example, some species had reduced plant size and fruit number in the earlier snowmelt treatment but other species did not, and these trends were not consistent across both years. Understanding the impacts of early snowmelt and reduced precipitation and which species may be more vulnerable to climate alterations will allow us to better predict climate changes impacts on mountain ecosystems.",Ecology and Evolutionary biology,Climate change; Phenology; Plant biology; Pollination; Species Interactions,RS2024-932,4/15/2024,4/15/2025
Stephanie Kampf,Stream Tracker: Documenting flow duration on non-perennial streams,"This project will expand an existing program, Stream Tracker, into the Upper Gunnison River Basin. Stream Tracker aims to expand monitoring on non-perennial streams through both sensors and crowd-sourcing. We will establish stream sensors in non-perennial streams across a climate gradient, set up Stream Tracker visual monitoring points along roads and trails, and conduct training for any volunteers interested in contributing to the project.",Hydrology,,RS2024-933,6/1/2024,4/15/2026
Heron Lenz,Species Traits Influence Response of Ant-Aphid Mutualism to Thermal Changes,"Studying changes in species interactions allows us to better predict and plan for future global change. In this study system, aphids feed on the host plant, Ligusticum poteri. Ants harvest the honeydew excreted by the aphids, and in return, protect the aphids from predators. This research will utilize long-term observational data as well as artificial warming experiments in 2024 to determine how traits among varying ant species impact their behaviors and how these changes alter interactions within the plant-herbivore-predator network. Observations will count insect abundance and track plant phenology, and the experiment will warm host plants and control ant access to the plant colonies. Models will be created to illustrate how aphid distribution and abundance is tied to temperature and the traits of ants tending their colonies.",Biology,Animal Behavior; Climate change; Community ecology; Insect biology; Modeling; Species Interactions,RS2024-934,4/15/2024,4/15/2025
Brian Inouye,Underwood-Inouye long-term phenology,The long-term phenology project tracks the flowering phenology (timing within season) for ~130 plant species in 35 permanent plots in the RMBL area. This dataset shows evidence of climate change advancing the flowering times of most species.,Ecology and Evolutionary biology,Climate change; Insect biology; Phenology; Plant biology; Species Interactions,RS2024-935,6/1/2024,4/15/2029
Lauren Carley,Joint fates of genetic variation and demography under changing climates,"In a changing climate, a central research goal is to understand whether and how wild populations will persist despite rapid shifts in environmental drivers like precipitation and temperature. As such, many researchers aim to monitor population dynamics across space and time to discern how variation in environmental drivers shape population growth, and use this information to project performance and viability under future climate scenarios. Much less is known, however, about the consequences of environmental change for genetic variation within populations. The extent and persistence of genetic variation in wild populations determines their ability to adapt evolutionarily to changing conditions, and also may directly influence population dynamics and persistence. In this project, I will establish long-term study sites to jointly monitor population dynamics, environmental variation, and genetic variation across a range of populations of the ecological model organism Boechera stricta, a perennial wildflower in the mustard family. These complementary datasets will allow me to directly track how population performance and genetic polymorphism change over time in response to variation in climate variables like precipitation and temperature, and to test for effects between population-level genetic variation and population viability.",Ecology and Evolutionary biology,Genetics; Long-term research; Modeling; Plant biology; Species Interactions; Other,RS2024-936,4/15/2024,4/15/2029
Janelle Bohey,Effect of drought on floral scent and plant-pollinator interactions,"Plant-pollinator interactions are important for biodiversity and supporting healthy ecosystems. With climate change posing a threat to floral traits that attract pollinators, our focus extends to the often-overlooked olfactory signals and stimuli. Floral scent, composed of diverse volatile organic compounds (VOCs), plays an important role in communication between plants and pollinators. While pollinators use scent to identify and locate rewards, the integration of olfactory stimuli into plant-pollinator networks is still in its early stages. Climate change-induced factors, such as drought and temperature shifts, can disrupt these interactions at both individual and community levels. Our study aims to bridge this knowledge gap, investigating the impact of climate change on floral scent and its role in shaping plant-pollinator networks. By experimentally manipulating precipitation to simulate drought conditions and assessing visual and chemical floral traits across a community, we will employ network analysis to investigate the changes in visitation patterns in plant-pollinator networks under environmental stress. This research aims to advance our understanding of how climate-induced changes in floral scent influence plant-pollinator dynamics at the community level.",Ecology and Evolutionary biology,Climate change; Community ecology; Phenology; Plant biology; Pollination; Species Interactions,RS2024-937,4/15/2024,4/15/2027
Lara Kueppers,GLORIA@RMBL,,Ecology and Evolutionary biology,Climate change; Community ecology; Landscape biology; Long-term research,RS2024-938,4/15/2024,4/15/2034
Sabine Dritz,The functional response of Bombus sp. in multi-resource environments.,"Phenology shifts among plants and their pollinators are producing novel species assemblages at the Rocky Mountain Biological Laboratory (RMBL). To address the resulting impact on pollination services, it is necessary to know how pollinator visitation rates vary across flower assemblages and densities; this is known as a functional response. More generally, functional responses characterize key biological rates underlying community function. Functional responses were originally developed for predator-prey interactions; however, the generalization of consumer-resource models has bridged this theory to mutualistic interactions. In this study, I will develop a functional response for Bombus sp. which are highly efficient, and therefore important, pollinators in the RMBL ecosystem. I will first define a set of possible functional response forms describing the following foraging behaviors characteristic of Bombus sp.: generalist niches, adaptive foragers, and individual behavioral variation. I will then empirically measure visitation rates of Bombus sp. across a range of flower assemblages and densities observed during three consecutive summers at RMBL. With the empirical data, I will evaluate which model is the best fit and therefore which behaviors most strongly determine visitation rate. This functional response will be the first one developed for mutualistic interactions using empirical data. In future research, it can be incorporated into models to forecast how pollination services will change in response to floral resource perturbations.",Ecology and Evolutionary biology,Community ecology; Modeling; Pollination; Species Interactions; Theory,RS2024-939,4/15/2024,4/15/2025
Laura Watt,Continuing Archival Research of the Environmental History of RMBL,"This project will continue conducting historical research at the Rocky Mountain Biological Laboratory (RMBL), a high-altitude biological field station located on the Western Slope of the Colorado Rockies. The Lab was built on the site of an old silver mining town, Gothic, which flourished briefly in the early 1880s. In their anthology The Ecology of Place, editors Ian Billick and Mary Price argue that the power of place often motivates ecologists in the field, and that citizens and scientists could work more collaboratively to solve environmental problems if built upon ?a sense of place that sees humans as part of the ecological system, not separate from it.? This project explicitly investigates this more place-based scientific inquiry developing over time, in a place where perennially returning scientists themselves are becoming nearly ?indigenous,? spending entire careers conducting summer field work to understand the dynamics of specific ecosystems or species.",Other,Long-term research; Other,RS2024-941,4/15/2024,4/15/2029
David Inouye,Supplement Collection of fecal material from hummingbirds,Hummingbirds will be placed in a small cage for up to 10 minutes and fecal samples will be collected on filter paper on the cage bottom.,Ecology and Evolutionary biology,Food web biology; Vertebrate biology,RS2024-942,5/24/2024,4/15/2025
David Inouye,Supplement Estimate of resident deer population size in Gothic,I propose to conduct a mark/resight project to estimate the resident deer population in Gothic.,Ecology and Evolutionary biology,Animal Behavior; Vertebrate biology,RS2024-943,5/30/2024,4/15/2026
John Lehrter,Watershed Sustainability Science,"Research activities will be conducted towards understanding controls on alpine stream hydrochemistry and carbon cycling and education activities will be focused on training undergraduate and graduate students in field methods for watershed assessment and applications of various data and geospatial analyses. Both the PI and the students will conduct research at RMBL during August 2024. Expected outcomes include novel research findings and more broadly, improved understanding of sustainability challenges and solutions in mountain headwaters.",Earth Systems Science,Aquatic Biology; Atmospheric Science; Biogeochemistry; Climate change; Climate science; Community ecology; Food web biology; Geology; Hydrology; Landscape biology; Long-term research; Meteorology; Modeling; Phenology; Soil/microbial ecology; Snow Science; Species Interactions,RS2024-944,6/1/2024,4/15/2026
Hamish Greig,Long-term research on the ecology of ponds in a changing climate,"High elevation wetlands harbor unique biodiversity, are important components of Rocky Mountain water systems, and are subject to accelerating rates of environmental change. This application summarizes the next 5 years of long-term research by co-PIs Hamish Greig and Amanda Klemmer on the invertebrates that are critical to the diversity and function of high-elevation wetland ecosystems. In 2023, we collected the 34th year of data on wetland caddisflies at a sentinel RMBL field site, the Mexican Cut Nature Preserve, continuing monitoring initiated by Scott Wissinger in 1989. These long-term data document changes in insect abundances and distributions in response to rapid climate change, including several caddisfly species that have moved upslope from wetlands on the valley floors to ponds at treeline. We plan to explore the consequences of fluctuations in the abundance and distributions of these range-expanding species for salamanders that prey on caddisflies, invertebrate communities, and the ecosystem processes such as carbon and nutrient dynamics that influence water quality. We are also working with collaborators to understand how climate alters feedbacks between predator and prey species in pond food webs, and how this influences the response of invertebrates and salamanders to climate stress. In addition to testing new hypotheses, our research will train undergraduate and graduate students, be used as the basis for multiple community outreach events, and the co-PIS will contribute to the administration and strategic direction of RMBL through committee and Board of Trustees service.",Ecology and Evolutionary biology,Animal Behavior; Aquatic Biology; Climate change; Community ecology; Food web biology; Insect biology; Long-term research; Species Interactions,RS2024-945,5/1/2024,4/15/2029
Haruko Wainwright,Multiscale Heterogeneity of Soil Moisture: Differential Drying,,Hydrology,Climate science; Hydrology,RS2024-946,6/1/2024,4/15/2027
Marshall Worsham,Soil moisture and growth responses to climate extremes in subalpine forests,"The large objective of this project is to clarify the how environmental and community factors condition subalpine forest responses to climate extremes. Subalpine forests are outsize contributors to the hydrological budget of the Rocky Mountains, but they are exposed to increasing water and temperature stresses associated with climate change. Prior research in these systems has not adequately described the seasonally varying relationships between plant-available water, atmospheric demand, and tree growth. To address these knowledge gaps, I aim to (1) maintain an existing sensor network monitoring soil volumetric water content (?), temperature, conductivity, and atmospheric fluxes to evaluate spatial and temporal variability in soil water dynamics; and (2) to conclude an ongoing dendrochronology campaign seeking to quantify how tree growth rates vary over space and time, across species, and with the instrumented climate record of the watershed. My proposed research is motivated by three core expectations: (1) where water availability is the limiting factor in tree productivity, moisture deficit will be associated with low growth, but there may be other limiting factors present (radiation, pests, or pathogens) that override water limitation; (2) to sustain productivity, trees alternate uptake between shallow and deep water sources where possible and may also redistribute water to replenish dry pools; (3) water availability and plant water use vary across sites as a function of precipitation input, soil properties, and species traits. This effort will shed needed light on the coupling vegetation dynamics and hydrology in headwater forests.",Ecology and Evolutionary biology,Biogeochemistry; Climate change; Community ecology; Hydrology; Long-term research; Plant biology; Snow Science,RS2024-947,4/15/2024,4/15/2029
Alden Sears,How interactions with mutualists & predators shape plant coexistence,"Plant community structure is controlled by interactions between individuals that are mediated by shared resources, mutualists, and enemies. It is difficult to study each of these three classes of interactions in parallel due to their great complexity. We propose to isolate the relative effects of each class of interactions by a study of perennial plant coexistence. Perennial plants have life cycles in which competition via resources, pollinators, and seed predators are separated temporally. We will therefore manipulate floral communities of four perennial plant species to parameterize a model which identifies how different forms of interaction impact the viability of plant coexistence and pathways of community assembly.",Ecology and Evolutionary biology,Community ecology; Plant biology; Pollination; Species Interactions; Theory,RS2024-948,5/1/2024,4/15/2027
Gwen Kirschke,Tracking Bumble Bee Movement Patterns in Subalpine Meadows,"It is helpful to know how pollinators move around the landscape, because it can allow us to learn things about their natural history, foraging behavior, and navigation strategies. For example, it can help us address questions such as: Where do bees nest? How far do they travel for food, and how does that depend on the amount, quality, and isolation of food resources? Do movement patterns differ between open meadows and urban landscapes? While movement information can help answer these types of questions, it has been hard to collect for insects. They are too small to carry GPS trackers like those used on larger animals, such as deer, so we have relied on visual observations and tracking devices with very small ranges. However, there is a new radio tag device that is small and light enough to put on bumble bees! In this exploratory study, I plan to use this device to track the movement patterns of bumble bee workers in the meadows near RMBL. I hope to combine the information about these bee?s movement patterns with data from other researchers at RMBL to learn about their natural history and foraging behavior, and to compare it with similar data I collect at urban sites to learn about how bees might be navigating these landscapes differently.",Ecology and Evolutionary biology,Animal Behavior; Community ecology; Insect biology; Landscape biology; Pollination,RS2024-949,4/15/2024,4/15/2025
"Lee ""Mick"" Demi",Chronic Ndeposition and Didymosphenia geminata blooms,"Nuisance blooms of the algae Didymosphenia geminata have become increasingly common and widespread over vast portions of its native range over the last several decades. However, unlike most algal blooms, blooms of this species of stalk-producing diatom appear to occur exclusively in streams with very low nutrient concentrations. Moreover, formation of blooms appears to be a recent phenomenon, as few reports of bloom formation by this algal species were reported prior to ~1990 from anywhere across its native range. That this now happens across a large geographic area suggests a driver that operates over large (i.e. continental) scales. This project proposes a preliminary investigation into the potential role of one such driver, chronic atmospheric nitrogen deposition, in facilitating the increased occurrence of D. geminata blooms.",Ecology and Evolutionary biology,Aquatic Biology,RS2024-950,4/15/2024,4/15/2025
Amrita Bhattacharyya,Anoxic microsites control methanogenesis at terrestrial-aquatic interfaces,"Anaerobic microsites, a defining feature of soil redox heterogeneity, are zones of oxygen depletion in otherwise oxic environments. Subsequently, anaerobic microsites can serve as hot spots for biogeochemical (BGC) processes, generating and exporting reduced products to oxic environments. Anoxic microsites have been predicted to contribute 21% to the global production of methane (CH4), an important greenhouse gas affecting climate change. They are often generated at terrestrial?aquatic interfaces (TAIs), such as riverine floodplains, which are dynamic transition zones between land and water, where seasonal changes in river and groundwater flow conditions lead to redox fluctuations. As a result, TAIs play a significant role for elemental cycling and greenhouse gas (GHG) emissions, while only occupying small areas of the Earth?s surface (0.07%?0.22%). Despite the presumed importance of anaerobic microsites in TAIs, significant knowledge gaps still exist regarding their abundance over time and space under varying environmental conditions, as well as their specific contributions to BGC processes, especially with regard to CH4 production. Using the novel LOAMS (Laboratory for Observing Anaerobic Microsites in Soils) approach, we will specifically detect and examine the role of anaerobic microsites in methanogenesis and metal redox processes across spatial and temporal scales at current DOE-ESS natural floodplain research sites. The main objectives of this work are to: (i) quantify the abundance and the impact of anaerobic microsites on methanogenesis and elemental speciation; (ii) compare microscale anaerobic microsite characteristics to macroscale field observations of methanogenesis and metal redox chemistry; and (iii) quantify reaction kinetics of relevant BGC processes within anaerobic microsites based on data from controlled laboratory experiments paired with modeling. Furthermore, our experimental data and parametric modeling results will support the future development of refined conceptual and quantitative models, and improve predictions of metal cycling and production of GHG emissions in TAI environments. For this study, we have selected three rivers/creeks (East River, Slate River, Cold Creek) as field sites at the Greater East River Watershed Observatory (GERWO), given that previous field measurements have indicated a potential relevance of anaerobic microsites for methane production at these sites. In addition, these sites allow us to study redox fluctuations due to seasonal changes in hydrological conditions, and provide the possibility to support our research with additional data from the ongoing DOE-BER supported Watershed Function SFA.",Earth Systems Science,Biogeochemistry; Climate change; Geology; Hydrology; Microbiology,RS2024-955,5/1/2024,4/15/2027
Anne Worley,Geographic variation in floral shape and scent in Polemonium brandegeei,"We are studying honey Jacob?s ladder (Polemonium brandegeei), a subalpine perennial plant with strongly scented, creamy flowers and skunky leaves. This species is visited by many pollinator groups, including hummingbirds, hawkmoths, and solitary bees. Variation among populations in floral visitors may affect natural selection on floral scent, colour and shape. However, changes in environmental conditions (e.g., temperature, moisture levels) may also cause populations to differ in floral traits. We are comparing flower shape, colour and scent in natural populations ranging from New Mexico to Wyoming to plants from these populations grown in a common greenhouse environment. This study will help our understanding of the relative effects of genetics and environment on floral traits, and potential responses to changes in pollinator abundance.",Ecology and Evolutionary biology,Plant biology; Pollination; Species Interactions,RS2024-956,4/15/2024,4/15/2028
Susan Washko,Aquatic invertebrates and trout in beaver ponds of different ages,"Beavers are ecological engineers, creating a variety of habitats within aquatic ecosystems by constructing dams and ponds. As beaver ponds age, they accumulate sediment and become more wetland-like. This leads to ponds of different ages having different characteristics. These differences will influence what types of aquatic invertebrates will inhabit these ponds, and potentially what kind of prey trout are foraging for. We plan to survey three newer beaver ponds and four older beaver ponds on tributaries to the East River in the Gothic Corridor to assess the aquatic invertebrate community composition and taxa richness. We will follow aquatic invertebrate sampling with catch-and-release angling to obtain fish diet samples to determine if trout are foraging in beaver ponds of different ages. Learning more about the biodiversity associated with successional stages of beaver ponds can inform evaluation criteria for restoration using beaver or beaver dam analogues and improve our understanding of beavers? role in the ecosystem for land management planning.",Ecology and Evolutionary biology,Community ecology; Food web biology; Insect biology; Vertebrate biology,RS2024-957,5/1/2024,4/15/2025
Fatima Alcantara,"Pollen limitation in an insect-pollinated, masting perennial","Masting is a dramatic example of plant reproduction, creating incredible boom and bust patterns of fruits, seeds, or flowers across years and over large spatial areas, including and up to entire continents. In some years, individuals reproduce in great amounts, all at once. In other years, individuals will reproduce very little, or not at all. Examples of masting species can be wind-pollinated, like oak or pine trees. However, animal-pollinated masting species are less often studied. Ecologists are interested in both how and why masting plants reproduce at the same time, even though plants cannot move or communicate with each other. Masting is thought to be beneficial because it can maximize the number of seeds produced in years with many flowers. In other words, when there are many flowers, animal pollinators such as bees are more likely to fertilize flowers than in years where there are few flowers. I would like to test whether this is true in a population of Monument Plant (Frasera speciosa), a species of Gentian that reproduces synchronously in the East River Valley, CO. Frasera speciosa has tall flowering stalks that attract many and diverse pollinators. I plan to experimentally add pollen to some flowers, but not to others, and compare how that affects the number of seeds produced. This work will build upon long-term research on this species in the East River Valley to help address important evolutionary hypotheses in herbaceous, animal-pollinated masting species.",Ecology and Evolutionary biology,Phenology; Plant biology; Pollination,RS2024-959,4/15/2024,4/15/2026
Aimee Classen,Warming and Species Removal in Mountains (WaRM),,Ecology and Evolutionary biology,Climate change; Long-term research; Microbiomes; Phenology; Plant biology; Soil/microbial ecology; Snow Science; Species Interactions,RS2025-1019,4/15/2025,4/15/2030
Annika Nelson,Investigating the Ecological Significance of Secondary Metabolites in Fruit,"Plants produce thousands of secondary metabolites ? chemical compounds that mediate ecological interactions ? but the roles of most of these compounds remain unknown, especially outside of leaves. Fruits are particularly rich in secondary metabolites, which shape interactions with seed dispersers, seed predators, and pathogens. However, the ecological effects of fruit secondary metabolites are complex and context-dependent ? the same compound can influence multiple frugivores with opposing effects (e.g., toxins can repel both harmful seed predators and beneficial seed dispersers), and compounds can have synergistic effects. To understand the ecological and evolutionary significance of fruit secondary metabolites, it is therefore essential to determine the combined effects of multiple compounds on a range of frugivores. I propose to investigate how the concentrations and diversity of nutrients and defensive secondary metabolites mediate interactions surrounding fruit. Using observational field and lab studies, experimental manipulations of fruit chemistry, and analytical chemistry techniques, I will assess patterns of secondary metabolite allocation to fruits, as well as how chemical composition and diversity shape seed dispersal and fruit defense. This research will improve understanding of processes critical to plant reproduction and evolution, with potential applications to conservation and agriculture. The data generated will provide the foundation for the PI to establish a longer-term research program at RMBL.",Ecology and Evolutionary biology,Community ecology; Plant biology; Species Interactions,RS2025-1021,4/15/2025,4/15/2028
James Thomson,Pollination and life history of Erythronium grandiflorum,"(1) On my property at Irwin, I conduct annual experiments to measure the pollination success of an early-flowering lily. (2) In a transplant garden, I annually record flower production and fruiting success in about 230 plants. Two progress reports have been published. When these plants have entered dormancy, I exhume the corms to be weighed and photographed. The data are archived.",Ecology and Evolutionary biology,Climate change; Pollination; Other,RS2025-1022,4/1/2025,4/15/2030
Nicolas Buchler,Isolating chytrid fungi from high alpine soils and aquatic habitats,"I aim to study and identify chytrid fungi from high-altitude soils and water near melting snow in Colorado during the early summer. These fungi, commonly found in wet environments like soil and water, are known to thrive in extreme conditions, including high-elevation regions such as the Colorado mountains. To carry out this research, I will collect samples near the Rocky Mountain Biological Laboratory (RMBL) and work with them on-site in the lab at RMBL. Using specific techniques, I will isolate and grow the fungi in pure cultures before identifying them through DNA sequencing. The most promising samples will be sent back to my home lab at North Carolina State University for cryopreservation and further analysis. During this multi-year project, I aim to uncover the diversity and abundance of chytrids, including new species, to better understand their evolutionary history and ecological roles in high-alpine ecosystems.",Biology,Genetics; Microbiology; Soil/microbial ecology,RS2025-1023,4/15/2025,4/15/2027
Diane Campbell,Long-term studies of evolutionary rescue in plants,"Climate change is threatening many populations around the world. A population can avoid extinction by dispersal to more favorable locations, but that is not possible for many plants with limited seed dispersal. An alternative is evolutionary change in which changes in traits increase fitness and result in rescue of an otherwise endangered population. Some populations of a subalpine herb, Scarlet gilia, are threatened by increasingly early spring snowmelt due to climate change, which dries the soil and reduces survival. Long-term field data on this species presents a unique opportunity to examine if evolutionary rescue is likely in a plant population. We are measuring the strength of natural selection on several vegetative traits and floral traits (including flower scent), and our many decades data set allows us to examine how selection depends on the date of spring snowmelt that year. Combined with previous estimates of the heritability of traits (which affects speed of evolution), and the direct responses of traits to date of snowmelt (plasticity), we can test whether evolutionary rescue is likely in this species. Our work capitalizes on the longest data set in the world on natural selection on plant morphology to provide one of the first applications of evolutionary rescue models to natural populations.",Ecology and Evolutionary biology,Climate change; Long-term research; Modeling; Plant biology; Pollination,RS2025-1024,4/15/2025,4/15/2030
David Inouye,Motus station at RMBL,"I propose to establish a transect, or potentially a small grid, of sensors for detecting radio tags on Broadtailed Hummingbirds or other migratory birds (tagged elsewhere) passing nearby. I would like to confirm an observation from several years ago that male hummingbirds fly about a thousand feet up the side of the valley to roost at night. I will collaborate with graduate student Katja Kochvar on her behavioral study of territorial male Broadtailed Hummingbirds. The sensors would be accessible to any other RMBL researchers who want to put radio tags on animals.",Ecology and Evolutionary biology,Animal Behavior; Landscape biology; Long-term research; Vertebrate biology,RS2025-1028,4/15/2025,4/15/2030
Savannah Troy,Phenological mismatch between birds and insects in montane meadows,"An important frontier in climate change ecology is understanding how community interactions may change because of mismatched phenological shifts. Phenological mismatch between insect prey and American migratory bird species may be emerging and is anticipated to have detrimental consequences on bird reproductive success. Moreover, the abundance and biomass of insect prey in the Rocky Mountains have declined over the past 35 years. Climate effects such as snowmelt timing are drivers of change for many taxa, and consequences may vary by elevation. I ask 1) does the demand for insect prey by birds change over time during the summer breeding season in montane wet meadow habitats? 2) Does the peak of insect prey demand by birds align with the current peak of insect abundance and biomass? And 3) Do these dynamics change with elevation? I have established a partnership with the Colorado Parks and Wildlife lead avian biologist (Dr. James Gammonley) with whom I will prepare outcomes of this research for use in guiding management of non-game bird species in the state.",Biology,Climate change; Food web biology; Species Interactions; Vertebrate biology,RS2025-1029,5/1/2025,4/15/2026
Susan Washko,Aquatic invertebrates in beaver ponds of different successional stages,"As beavers continue to expand their ranges and ecologically engineer streams and wetlands within Colorado, beaver ponds of different ages can be found throughout the landscape. Ponds of different ages have varying levels of sediment accumulation and habitat structure, which could impact which aquatic invertebrates inhabit them. This proposed research aims to determine if older beaver ponds house different aquatic invertebrate communities than newer beaver ponds. Ponds of varying ages and successional stages will be sampled in the Trail Creek drainage and the upper East River valley. Using a 1-m D-net sweep, invertebrates will be caught, identified pondside in the field, enumerated, and released back into the pond. Results will provide insight into the relationship between aquatic invertebrates and beaver engineering.",Ecology and Evolutionary biology,Aquatic Biology; Community ecology; Insect biology,RS2025-1030,4/1/2025,4/15/2028
Isaac Larsen,Abiotic and biotic controls on chemical weathering rates,"Precipitation falling on mountainous watersheds is exposed to surface and subsurface processing, such as chemical weathering, before eventually leaving as streamflow. In turn, this processing is governed by a variety of abiotic and biotic interactions involving, e.g., the type of rock that governs geomorphology and mineralization and the type of vegetation that can generate acidity. The proposed work will focus on the role of vegetation as a means to influence water chemistry and quality. By employing a multi-scale approach, the project will address the following questions: 1) Does landscape-scale heterogeneity in vegetation, climate, and geology impart unique, spatially-variable signatures on soil production and chemical weathering rates? 2) What roles do the legacies of Pleistocene glaciation and Holocene geomorphic processes play in determining modern-day solute concentrations in surface waters? 3) Are physical erosion and chemical weathering rates linked at the watershed scale, and can these rates be predicted from watershed characteristics? These questions will be addressed in the physical and ecological setting of the East River watershed near Crested Butte, Colorado. The proposed technical approach will assess controls on weathering and solute generation at the soil profile, landform, and watershed scales. At the soil profile scale, soil production and chemical weathering rates will be quantified with cosmogenic nuclides and geochemical mass balance at sites that span biotic, climatic, and geologic gradients in order to isolate the key drivers of chemical weathering. At the landform scale, solute concentrations in surface waters will be used to assess whether surficial deposits generated by different geomorphic processes impart unique weathering signatures. At the watershed-scale, cosmogenic nuclides will be used to measure erosion rates. A series of reactive transport models will be constructed to place the field-based findings into a framework for making predictions regarding the roles that vegetation, climate, and geomorphology play in solute generation. The proposed research complements ongoing BER investments at the LBNL Watershed Science SFA Science Focus Area.",Geology,Biogeochemistry; Geology,RS2025-1031,4/15/2025,4/15/2028
Sam Pierce,Beaver wetlands as ecosystem control points for river water quality,"Beaver dams and the wetlands they create are ubiquitous, landmark features to glaciated river corridors in the West. By building dams and diverting river water into floodplains, beavers fundamentally alter how water flows through a watershed and the biogeochemical processes that occur within the critical zone. Amplified soil weathering conditions, abundant transitional redox boundaries, and heightened aqueous concentrations of iron and dissolved organic matter set the stage for beaver wetlands to be influential bioreactors that can alter downstream water quality. Highly associated with floodplains but marginally understood are colloids; reactive and mobile nanoparticles formed at subsurface redox interfaces, typically rich in iron, organic carbon, and trace metals, and, thus, with the potential to enhance passage of metals and carbon to streams. Unlike hydrologically disconnected floodplains, beaver wetlands are highly engineered systems with substantial advective pathways that allow chemically altered waters, and potentially iron-rich nano-colloids, to be mobilized and transported directly into adjacent streams. My research seeks to understand 1) whether iron-rich colloids are generated in beaver wetlands, 2) whether iron-rich colloids are present in river water downstream of beaver wetlands, 3) how seasonal hydrologic variability influences the abundance and structure of iron within beaver wetlands, and 4) the overall mass loading of iron to rivers from beaver wetlands through surface and subsurface flow paths. Iron particles are widely recognized for their ability to adsorb toxic, redox-sensitive metals from arsenic to uranium, so by focusing on iron this work tracks the water quality implications for harmful trace metals that can be repartitioned within beaver wetlands. In completing this work, I will identify the role beaver wetlands play as an ecosystem control point for river water quality with respect to iron and other affiliated elements and substances.",Chemistry,Biogeochemistry; Hydrology,RS2025-1033,4/15/2025,4/15/2028
Sabine Dritz,Response of bumblebee foraging rate to variation in flower density,"Asynchronous phenology shifts among species have the potential to disrupt not only the timing of key ecological processes but also their rates. Colorado?s subalpine communities have documented phenology shifts for plant and pollinator species driven by climate change. As a result, pollinators are becoming exposed to novel flower assemblages with unknown consequences to their foraging rates and ultimately population growth. In this study, I will investigate the response of bumblebee foraging rates to variation in flower density by (1) evaluating the relevant spatial scale of flower density for bumblebees foraging rates and (2) fitting a multi-species functional response to bumblebee foraging rates with respect to flower density at that spatial scale. This study will identify which flower species, if increased in density, will most increase foraging rates of vulnerable bumblebee species as well as the appropriate spatial extent for seeding them in restoration. Further, future studies can incorporate this functional response into population dynamic models to project plant-pollinator community resilience over long timescales.",Ecology and Evolutionary biology,Pollination; Species Interactions; Theory,RS2025-1034,4/1/2025,4/15/2026
Emily Mooney,Experimental Warming of Ligusticum and Aphids,"Insects play important roles such as herbivores, pollinators, disease vectors, and decomposers. However, changing patterns of temperature and precipitation are upending the abundances for many insect populations. These population changes may arise from direct effects, as warmer temperatures may accelerate insect population growth. Insects do not exist in isolation, and this project explores the impacts of warming temperatures on the host plants that insects depend on. These plants, in turn, rely on close association with soil microbes, which themselves may be impacted by changing temperatures. Our project will determine the impacts of warming for insect populations arising from this web of above- and belowground interactions.",Ecology and Evolutionary biology,Climate change; Insect biology; Soil/microbial ecology; Species Interactions,RS2025-1036,4/15/2025,4/15/2028
Christie Bahlai,Forecasting integrated plant-aphid dynamics in a rapidly warming community,"Changing weather patterns are expected to disrupt the lifecycles and population growth of many organisms, especially ones that are sensitive to changes in temperature like insects. But when insects rely on other organisms like plants, microbes or other insects for food, protection or habitat, it becomes harder to predict how they will respond, because these organisms may also be affected by these changes. Because mountain ecosystems are harsher environments, not as many different species live there, making it easier to observe these interactions. This project will use many years of observations of aphids, ants, plants and microbes to build a computer model that will integrate these interactions and make predictions about how different patterns of environmental change will affect the abundance and long-term survival of these species.",Ecology and Evolutionary biology,Climate change; Climate science; Community ecology; Insect biology; Long-term research; Modeling; Phenology; Plant biology; Soil/microbial ecology; Species Interactions,RS2025-1037,4/1/2025,4/15/2028
Katie Becklin,Local adaptation in plant-aphid dynamics across a temperature gradient,"Insect herbivores such as aphids play an outsized role in both natural and agricultural ecosystems. Consequently, understanding factors that control aphid abundance is critical for ecosystem management. Temperature can directly impact aphid development, growth, and survival and shift how these insect herbivores interact with plants. Genetic differences among aphid and plant populations can also influence how these organisms respond to rising temperatures. This project will assess local adaptation in plant-aphid interactions across a temperature gradient in a well-studied Rocky Mountain ecosystem. Findings from this work will be used to create models that predict plant-aphid dynamics under different climate conditions, develop educational materials for K-12 students about plant and insect ecology, and train rising students to become future scientists.",Ecology and Evolutionary biology,Climate change; Insect biology; Plant biology; Soil/microbial ecology; Species Interactions,RS2025-1039,4/15/2025,4/15/2028
Madison Mengel,Wing loading and wing color tradeoffs in Speyeria mormonia,"I propose to study the tradeoff between wing coloration and wing loading in adult butterflies. Specifically, I am conducting research on the Mormon fritillary butterfly to deduce allocation relationships across butterfly size and the flight season. Wing pigments are expensive to make and are a part of mate signaling, which makes them an interesting allocation pathway to study. Similarly, wing loading is important for males to search for mates and females to search for oviposition sites. These two measurements are indicative of indirect reproductive allocation, which influence the likelihood of acquiring a mate and overall fitness.",Biology,Insect biology,RS2025-1040,4/1/2025,4/15/2027
Katja Kochvar,Exploring the Drivers of Variation in Broad-tailed Hummingbird Displays,"This project will explore the factors that drive variation in Broad-tailed Hummingbird male courtship display behavior on territories. Detailed characterization of male territories and behavioral observation across the breeding season will allow us to assess the environmental features that drive variation in display effort. Experimental playbacks studies will elucidate the features of female cues that are most salient in eliciting male displays. Together, these studies will give us a better picture of when and why males perform these conspicuous displays.",Ecology and Evolutionary biology,Animal Behavior; Phenology,RS2025-1041,4/1/2025,4/15/2028
Ceci Rigby,How does the abiotic & biotic environment shape interaction specialization?,"Theory predicts the conditions under which species? diets become more or less specialized. These predictions, such as limited food resources leading to an expanded diet breadth, have experimental support in various systems under controlled conditions. But we know much less about how these predictions play out under realistic and variable field conditions, nor do we understand the direct and indirect biotic and abiotic drivers of diet breadth. Therefore, I propose to investigate the environmental drivers of interaction specialization and generalization using a long-term (10-yr, ongoing) well-studied plant-pollinator interaction system. Focusing on the floral diets of bumble bees (Bombus spp.), I will analyze how pollinator interaction specialization (i.e. diet breadth) is shaped directly and/or indirectly by biotic factors (e.g., floral abundance), abiotic factors (e.g., climate conditions), and their combinations. This work will leverage 10+ years of data on natural environmental variation and bumble bee floral resource use. My results will aid in our fundamental understanding of how ecological interactions are shaped by the environment. Simultaneously, it will help us understand how plant-pollinator interactions may play out under projected environmental change for an ecologically important group of organisms?wild bumble bees.",Ecology and Evolutionary biology,Pollination; Species Interactions,RS2025-1044,4/15/2025,4/15/2026
Gwen Kirschke,Using Remote Sensing to Assess Floral Distribution on a Landscape-Scale,"The pattern in which flowering plants occur across landscapes is challenging to map. However, it is important to create such maps because animals that depend on these flowering plants?for example, pollinators such as bees?are affected by the distributions of the plants. To help increase our understanding of these plant and pollinator species, I plan to combine long-term field data collected by RMBL researchers with high-resolution imagery taken from airplanes as part of the NSF NEON program to create a model predicting the locations of flowering plant species throughout the upper East River valley. Then, using other existing data and new measurements, I will calculate the quantity of food resources (nectar and pollen) that those flowering plants could provide to pollinators. I will assess the accuracy of these maps by comparing them to observations I make of the actual plant species and food resources in test locations. Finally, I will test whether this information about food resources allows us to predict the reproductive rate and abundance of bees. Together, this work will create a set of maps that can be used by other RMBL researchers, and will serve as a test of this flower distribution modeling method, which could also be used in other places.",Ecology and Evolutionary biology,Community ecology; Insect biology; Landscape biology; Modeling; Phenology; Plant biology; Pollination,RS2025-1045,4/1/2025,4/15/2026
Melanie Kazenel,Long-term monitoring of solitary bee population ecology,"Understanding the consequences of climate change for insect pollinators, plants, and their interactions is critical to sustaining ecosystems and the human food supply. While mounting evidence indicates that climate change is affecting bee abundance, studies are still scarce that document the mechanisms underlying these patterns. In particular, few studies have examined the consequences of climate change for bee reproductive output and survival during different life cycle stages. To fill this knowledge gap, this long-term study aims to understand the population dynamics of solitary bee species in the family Megachilidae. These species provide an ideal study system to identify the sensitivity of solitary bee demographic metrics to climate variation.",Ecology and Evolutionary biology,Climate change; Community ecology; Insect biology; Long-term research; Phenology; Plant biology; Pollination; Species Interactions,RS2025-1046,4/1/2025,4/15/2026
Julia Longmate,Crown temperature differences between species using drone thermal imaging,"This work focuses on understanding the relationship between tree crown temperatures, net radiation, and transpiration from drone thermal imaging and sap flow measurements. The main canopy tree species in the study area are Engelmann spruce, subalpine fir, lodgepole pine, and quaking aspen. Using high-resolution drone imagery of the watershed and sap velocity measurements from approximately 30 trees, this research aims to explore variations in land surface temperatures (LST) across the landscape, how much of that variation is driven by net radiation, topographic position, and transpiration. In this study we also plan to investigate the role of transpiration in driving changes in crown temperature throughout the growing season, and variations in those seasonal changes by species. The findings will help clarify how species-specific hydraulic strategies influence temperature patterns, and how well land surface temperature can indicate transpiration changes.",Atmospheric Science,Climate change; Landscape biology; Plant biology,RS2025-1047,4/15/2025,4/15/2026
"Lee ""Mick"" Demi",Chronic N deposition and the recent proliferation D. geminata blooms,,Ecology and Evolutionary biology,Aquatic Biology; Landscape biology; Other,RS2025-1048,4/15/2026,4/15/2029
Rebecca Irwin,"Bee phenology and abundance, disease, and invasive plants","My five-year research plan is split across four projects. (Projects 1 and 2) Assessing how climate variability affects bee phenology and abundance and the mechanisms involved. We will add to a 15-year dataset that is addressing how climate and flowering patterns directly and indirectly affect the phenology and abundance of bees, and how bee life history traits may buffer them (or make them more susceptible) to changes in climate. This dataset is publicly available online and is well-resolved to the species level, making it an exemplary resource for not only my lab and the RMBL community but also the scientific community at large. (Project 3) Effects of sunflower pollen on bee disease. We are building off a tritrophic effects framework to assess how pollen diets have indirect effects on bees by mediating host-parasite interactions. (Project 4) Ecology and management of invasive plants. We will finish a long-term management project on Linaria vulgaris assessing how various management strategies affect L. vulgaris abundance and spread.",Ecology and Evolutionary biology,Community ecology; Disease ecology; Insect biology; Long-term research; Phenology; Pollination; Species Interactions,RS2025-1051,4/15/2025,4/15/2030
Jeannie Stamberger,Long-Term Ground Temperature Data to Study Colias meadii Larval Diapause,"Ground temperatures, used as a proxy for larval body temperature during diapause, are measured with a dense sensor network in the habitats of Colias meadii butterflies. These data, collected every five minutes and 25-100 feet apart for over six years, create a unique record of microclimates in alpine and montane environments. Research at the Rocky Mountain Biological Laboratory (RMBL) has shown that Colias meadii populations above and below treeline exhibit distinct thermal adaptations that affect fitness, and stabilizing selection for these adaptations despite the ability to migrate. However, the effects of the environment on larvae during their long overwintering diapause remain less studied. Other insect studies suggest that extreme cold events, such as exposure to 0°F prior to lower temperatures, can influence larval survival and adult fitness. By collecting microclimate data at biologically relevant time and space scales in C. meadii habitats, we are building a unique record of potential thermal shocks that could impact these larvae. The dense dataset also allows us to refine coarse measurements like snowmelt dates, which affect phenology, and develop models to assess variability in rapidly changing habitats, influenced by factors like wind and cloud cover. This research adds to RMBL?s long-term data sets, expands the region's microclimate understanding, and contributes to the thermal ecology of Colias butterflies, a genus studied at RMBL for over 50 years.",Biology,Climate change; Climate science; Insect biology; Long-term research; Modeling; Phenology; Snow Science,RS2025-1050,4/1/2025,4/15/2030
Wendy Brown,Biodiversity of aquatic insects in the Upper Gunnison Basin of Colorado.,Understanding the taxonomy and distribution of aquatic insects and other taxa helps us understand the ecology and status of our local freshwater streams and ponds. https://www.gunnisoninsects.org/,Biology,Aquatic Biology; Community ecology; Insect biology; Long-term research,RS2025-1052,4/15/2025,4/15/2030
John Gutrich,Carbon storage in created freshwater marshes: A 40 year study,"Wetland soils contain some of the highest stores of soil carbon in the global biosphere. However, there is little understanding of the quantity and distribution of carbon stored in our remaining wetlands which is important to the societal goal of limiting release of carbon to the atmosphere to hinder climate change. Under Section 404 of the Clean Water Act, draining of wetlands hydrologically connected by surface waters to a navigable waterway may require wetland mitigation whereby a developer constructs a wetland to offset the loss of the original drained wetland. Previous research by Gutrich, Taylor and Fennessy (2009) has assessed the floristic community development over time of constructed inland freshwater marshes compared to natural reference wetland sites. In this study, we propose to assess the carbon storage and accretion in soils of constructed wetlands in Colorado that now display over 40 years of ecological succession since construction. This scientific research is critical to the management of inland freshwater wetlands in the United States as carbon sinks offsetting anthropogenic carbon release to the troposphere.",Chemistry,Climate science; Long-term research,RS2025-1053,4/15/2025,4/15/2028
Ethan VanValkenburg,"Community Assembly of Nectar Microbes: interactions, dispersal, filtering","Floral nectar supports a diverse and dynamic microbiome of yeast and bacteria that shape plant-pollinator interactions. These nectar microbes also provide a tractable system to test fundamental questions in community assembly and metacommunity ecology. Individual flowers can serve as replicated habitat islands connected via pollinator-mediated dispersal, forming natural metacommunity microcosms. Within local communities, nectar yeast and bacteria have strong interspecific interactions that lead to alternative community states. At larger scales, pollinators maintain structured and species-specific dispersal between flowers. Nectar also serves as a strong environmental filter, excluding many microbial species. In this project, I will characterize the interacting roles interspecific interactions, dispersal, and environmental filtering on the outcomes of community assembly in this nectar microbe metacommunity. The project will also add to the current dearth of information of the floral nectar microbiome across spatial and temporal scales and contribute to our understanding how shifting phenology may affect the assembly of nectar microbiomes, with potentially important consequences for the persistence plant-pollinator interactions.",Biology,Climate change; Community ecology; Food web biology; Insect biology; Microbiomes; Plant biology; Pollination; Species Interactions; Theory,RS2025-1054,4/15/2025,4/15/2026
Mary (Cassie) Stoddard,"Color vision, courtship and foraging in Broad-tailed Hummingbirds",,Ecology and Evolutionary biology,Animal Behavior; Long-term research; Pollination; Species Interactions,RS2025-1056,4/15/2025,4/15/2030
Clifford Adamchak,Mercury Source and Sink Behavior in a Beaver-Dominated Stream Reach,"In Summer 2025, I will quantify a mercury (Hg) budget in a beaver-dominated and an unimpounded (control) reach that includes stream inputs and losses, groundwater contributions, volatilization, and estimates of atmospheric deposition (Fig. 1). The objectives of constructing a Hg budget of a beaver-dominated reach are twofold; (1) merge fluvial geomorphology and biogeochemistry principles to advance our characterization of element cycling in river corridors (RCs) under unique drivers and (2) provide land managers with relevant water quality data to better inform them of how beaver activity influences surface water quality. Within the beaver-dominated reach, the Hg budget integrates the four ecogeomorphic units (EGUs) included in my work from the last two years. The EGUs are created through the unique modifications of the RC by beavers. My comparison of the beaver-dominated reach to the unimpounded reach will allow us to evaluate how changing fluvial geomorphology driven by beaver impacts storage and transport of Hg. Further, the reach scale budget data will demonstrate how multiple consecutive beaver ponds in a reach ? the manner in which beaver ponds most commonly occur ? are increasing transport of Hg downstream compared to an unimpounded reach.",Other,Biogeochemistry,RS2025-1057,4/15/2025,4/15/2026
Brian Enquist,Community response to climate change using a transplant experiment,"The RMBL turf transplant experiment, established in 2017, simulates climate change by moving large, intact blocks of plants and soil along a temperature and elevation gradient. By transplanting to the warmer and drier conditions predicted to occur with future climate change, we can observe the responses of the soil microbes and plants to novel environments. Annual monitoring has already documented rapid community responses through changes in community composition and functioning. Extending annual monitoring will further enhance our understanding of the resilience and vulnerability of mountain communities and ecosystems. Additional data will also be beneficial towards collaborations with the TransPlant Network, an international group of researchers conducting similar turf transplant experiments around the world, including the newly established Niwot Ridge turf transplant experiment.",Ecology and Evolutionary biology,Climate change; Plant biology,RS2025-1058,4/15/2025,4/15/2028
Rachel Cohen,Gene-level species recognition in heterospecific pollen-pistil interactions,"When plants live in diverse communities, they have the potential to exchange pollen with one another. Interspecific pollen transfer is generally known to reduce the number of seeds produced in the recipient flower, thus, it may benefit a plant to be able to recognize and respond differently to different pollen-types. Using RNA sequencing, we will investigate the genes that are involved in pollination responses to same-species pollen as well as pollen from close and distant relatives. After pollen lands on a flower, it germinates a structure called a pollen tube, which has the primary function of delivering sperm to the ovules that are at the base of the flower. Successful reproduction in flowering plants is highly dependent on the successful growth of the pollen tube, which may be aided or impeded by species-specific pollination responses. Therefore, we will also measure pollen tube growth rates during the crosses that we have sampled RNA from. We expect that the number of genes turned on and off in response to pollination will decrease as the parent species are more distantly-related. Additionally, we hypothesize that these species-specific responses will lead to differences in pollen tube growth rates that vary according to relatedness between parent species.",Biology,Community ecology; Genetics; Plant biology; Pollination; Species Interactions,RS2025-1061,4/15/2025,4/15/2026
Kenneth Hurst Williams,Watershed Function Science Focus Area,"Watersheds provide key resources for human populations, with pressing demands for clean water, food, and energy. In parallel, changing hydroclimate, diminished snowpack, and interacting temperature-driven disturbances, are significantly reshaping interactions within watersheds. The Watershed Function Scientific Focus Area (SFA) is addressing the grand challenges of understanding how mountainous watershed functions respond and adapt to increasing disturbances. Our focus is on understanding the interactions of warming and drought with hydro-biogeochemical functioning in mountainous watersheds of the Upper Colorado River Basin and their retention or release of water, carbon, nitrogen, and other biologically critical elements. Our multi-lab SFA will identify watershed functional traits, which are observable characteristics that mechanistically link to ecosystem performance. These traits will be assessed within a new trait-based hydro-biogeochemical modeling capability (ATS-EcoSIM) that considers watershed compartments? hydrological, ecological, and biogeochemical interactions and adaptation in response to disturbances and feedbacks. High-resolution process-based models will be used to achieve mechanistic understanding across scales. Combining remote sensing, field-based observations, laboratory experiments, and machine learning (ML), we will decipher patterns of watershed functional trait covariance and develop ML-based surrogate models to transfer and scale mechanisms. Our research is organized into three Research Focus Areas (RFAs) and a ModEx integration core, addressing hypotheses related to disturbance impacts and resilience, pathways of adaptation, and trait covariance, aggregation, and transfer. Our goal is to gain a predictive understanding of mountainous watershed function and provide valuable insights for sustainable water resource management, land use planning, and climate change adaptation in mountainous regions worldwide.",Earth Systems Science,Atmospheric Science; Biogeochemistry; Climate change; Climate science; Geology; Hydrology; Long-term research; Microbiomes; Microbiology; Modeling; Soil/microbial ecology; Snow Science,RS2025-1063,4/15/2025,4/15/2030
Eliza Clark,Plant adaptation to fine-scale topographic variation in the alpine,"This project will investigate how an alpine plant from the Rocky Mountains will respond and adapt to climate change. In the alpine, climate change causes earlier snowmelt that makes the alpine growing season longer, drier, and more stressful for alpine plants, but these shifts are mediated by microsite conditions, such as aspect of the slope and amount of direct sun exposure. This project uses a native alpine plant, Androsace septentrionalis, to study how the plant is adapted to microclimate variation from north and south-facing slopes across latitudes. Using collections, greenhouse experiments, genomic analyses, and spatial models, the project will predict how the species might move its range or adapt to climate change in the future. This research improves understanding of plant adaptation in the alpine and how the alpine can be managed and protected in the future.",Ecology and Evolutionary biology,Climate change; Landscape biology; Phenology; Plant biology,RS2025-1067,4/15/2025,4/15/2026
Andrew Gloss,Genomics of adaptation underlying a transition to herbivory,"Herbivorous insects are among the most successful?and destructive?organisms on Earth. One third of all animal species are herbivorous insects, and they collectively remove over 20% of plant biomass in both natural and agricultural systems. Yet we know surprisingly little about how herbivory originates: how insects transition from ancestral diets like detritus, microbes, or other insects to feeding on living plants. To illuminate this process, we are comparing the genomes and traits of herbivorous insect species with closely-related non-herbivorous relatives, in order to infer the changes that occur when insects evolve to be herbivorous. In particular, we are focusing on fly species closely related to Drosophila melanogaster, a microbe-feeding fly that is the leading model organism for genetics studies. One of these focal herbivorous species, Scaptomyza nigrita, has been studied for decades at RMBL where it feeds exclusively on wild mustard plants along alpine streams and seeps. I plan to collect S. nigrita flies at RMBL, sequence their genome, and use this genome in a broader analysis with other herbivorous and non-herbivorous fly genomes to help illuminate the genetic changes that allow insects to feed on living plants. While our primary goal is to understand how herbivory evolves, this work also has practical implications. By identifying genes and traits essential for herbivory, we aim to uncover new targets for protecting crops from insect pests. More broadly, by studying how organisms adapt to novel diets, we also hope to shed light on genes that mediate the link between diet and health?which may inform our understanding of the relationship between diet and disease in humans.",Biology,Genetics; Insect biology; Species Interactions,RS2025-1069,4/15/2025,4/15/2027
Carlisle Segal,Patterns of Diversity in Rocky Mountain Alpine Flora,"I hope to investigate drivers in the patterns of diversity in alpine plant communities of the Rocky Mountains by assessing latitudinal gradients in taxonomic, functional, and phylogenetic diversity of alpine plant communities on either side of the Continental Divide from New Mexico to northern Idaho and Montana, and to investigate climatic underpinnings of observed spatial patterns.",Ecology and Evolutionary biology,Community ecology; Plant biology; Theory,RS2025-1143,8/10/2025,4/15/2026
Carrie Wu,Long-term ecophysiological responses in a montane plant hybrid zone,"Climate change is causing significant alterations to temperature and precipitation patterns, including more intense and frequent climatic events that can negatively impact species persistence. My overarching goal is to understand whether rapid evolution in response to accelerating climate change can rescue natural populations from extinction, leveraging the unique long-term data set amassed for Ipomopsis wildflowers in the Colorado Rocky Mountains. Over 20 years ago, I determined that the genetic structure of this hybrid zone depends on a mixture of pollinator and habitat-mediated selection; in summer 2026 I will revisit Poverty Gulch, CO to measure the ecophysiological and floral traits that I?ve shown to influence fitness in this system, and determine if these populations have been able to track documented environmental change.",Biology,Long-term research; Plant biology,RS2025-1152,4/15/2026,4/15/2027
David Inouye,Long-term studies of wildflowers and pollinators,"I propose to continue studies initiated in 1973 on flowering phenology and plant demography, and hummingbird demography. Also similar studies initiated more recently but mostly decades ago. Phenology will be monitored 3X/week in permanent plots, and individually tagged plants of three species will be monitored annually. Other annual counts include the number of flowering Frasera speciosa in the East River valley. A long-term Malaise trap study in the Research Meadow will be continued, with two different types of traps collecting samples 2-3 days/week. I will continue efforts to reduce deer herbivory in my study plots and to estimate the resident deer population. I will continue establishment of a Motus station for tracking radio-tagged animals, continue collaboration with Cassie Stoddard?s lab members, and initiate a collaboration on songbirds with Savannah Troy.",Ecology and Evolutionary biology,Animal Behavior; Climate change; Community ecology; Insect biology; Long-term research; Phenology; Plant biology; Pollination,RS2026-1157,4/15/2026,4/15/2031
William Petry,Predicting range dynamics from climate-demography relationships,,Ecology and Evolutionary biology,Landscape biology; Long-term research; Modeling; Plant biology; Other,RS2026-1158,6/1/2026,4/15/2031
Jessica Cusick,Effects of stress on colony-level personality in Western Thatch Ants,"Cooperation is a complex behavior in which individuals act in ways that increase the reproductive success and survival of others, often at a cost to themselves. Cooperation is observed across a variety of species, from ants, to birds, to humans. Animals can have cooperative personality, meaning that individuals display consistency in their cooperative behavior across time and are consistently different from others. Individual personality can be driven by many physiological systems that are affected by early development and environmental stress. In eusocial species, individuals that make up a colony are so tightly connected they are often referred to as a ?superorganism? that display collective cognition and collective behavior. Therefore, in eusocial species, environmental stressors may affect the physiology of the entire colony, leading to distinct personalities at the level of the colony, not the individual. Colony-level personality in eusocial species is not well studied. In this study, we will examine whether environmental stress (bear attacks and nitrogen changes) leads to variation in cooperative colony personality in the Western thatch ant (Formica obscuripes), a eusocial, invertebrate that engages in a mutualistic relationship with honeydew producers. Specifically, thatch ants engage in a defensive mutualistic relationship with honeydew-producing aphids and will aggressively and cooperatively defend aphids from predation in exchange for their sugary excrement. Previous studies have shown that thatch ants that experience stressors are less aggressive when under threat at the nest and when defending their aphids. Previous work has also shown that nitrogen enrichment, can positively affect ants? interactions with aphids, suggesting nitrogen may mediate some of the negative predator effects. This study investigates how nitrogen enrichment affects the defensive mutualistic behaviors of thatch ants and whether predation and nitrogen?s effect on behavior is drives differences in colony-level personality.",Biology,Animal Behavior; Community ecology; Food web biology; Insect biology; Microbiomes; Species Interactions,RS2026-1159,4/15/2026,4/15/2029
Emily Renkey,Marmot moods: Quantifying affective state in a wild mammal,"Emotion plays a critical role in shaping animal decision-making and behaviors. However, little is known about the way wild animals experience and express emotion, or affective state, especially over extended periods. In order to predict how species will respond to disturbance, and ultimately adapt in a rapidly changing world, we must understand how to assess their emotional state. The goal of this research is to develop an index that evaluates affective state in a wild population of yellow-bellied marmots (Marmota flaviventer). Once developed, I will use the index to (1) determine the relationship between affective state and environmental conditions, (2) experimentally validate the index and (3) examine whether emotions influence two fitness metrics. I will use this research to provide a framework that includes taxon-specific measures and can be implemented by other wildlife managers to better understand emotion across wild animal populations. This research will produce a novel study on the mechanisms that underlie wildlife behavior, their long-term consequences for survival and reproduction, and whether human-induced ecological changes may be driving changes in affective state.",Ecology and Evolutionary biology,Animal Behavior; Long-term research; Vertebrate biology,RS2026-1163,4/15/2026,4/15/2029
Kamini Singha,How does subsurface connectivity regulate water and carbon processes?,"This research focuses on the layers of soil and bedrock known as the subsurface, and how its physical structure controls the movement of water and carbon into our rivers. While most of our river water travels through the subsurface before reaching the surface, this area remains difficult to study because it is largely ""invisible"" to traditional observation. Understanding these underground flow paths is critical because dissolved carbon affects the health of aquatic ecosystems, the cost of drinking water treatment, and the global climate. To bridge this gap, our team will use advanced technologies, including airborne sensors, that map the earth's internal structure from above, as well as high-resolution chemical analysis to fingerprint carbon molecules at the molecular level. By studying the Coal Creek watershed in Colorado, we will integrate these new data into powerful computer models to predict how water and carbon transport will change as temperatures rise and weather patterns become more extreme. Ultimately, the project seeks to reveal how the underground ""plumbing"" of the earth acts as a gatekeeper for the water quality and environmental health of our planet.",Hydrology,Climate change; Climate science; Geology; Hydrology; Modeling,RS2026-1165,4/15/2026,4/15/2029
Rosemary Smith,Behavior and Ecology of Burying Beetles,"The primary project explores many questions related to the behavior and ecology of the burying beetle (Nicrophorus). Burying beetles are well known for their biparental care, which takes place on a small vertebrate carcass (usually a mouse) that they bury underground. The parents prepare the carcass as well as defend it against intruders, ensuring a food supply for their larvae. Behavioral studies provide insight into the factors that influence reproductive and parental decisions and success, such as individual size and age, carcasses quality, soil temperature, and competition from other carrion-feeding species. Long-term (> 25 years) ecological studies provide insight into the factors that influence the distribution and population dynamics of interacting carrion beetle species, including studies linking rodent populations (determined using live capture-mark-release-recapture techniques) to beetle populations (also marked and released), habitat associations based on microclimate, historical range shifts, and the influence of soil temperature and snowmelt on overwinter survival and emergence patterns. Burying beetles and rodent carcasses are also important components of the decomposer food web- and thus we also study their influence on soil nutrients and plant growth. Secondary projects include 1) deployment of motion-activated cameras to detect wildlife behaviors and activity on human trails and at key resources such as mineral licks and sapsucker wells and 2) collection of insects for genetic, identification, and taxonomic purposes.",Ecology and Evolutionary biology,Animal Behavior; Community ecology; Food web biology; Insect biology; Long-term research; Phenology; Vertebrate biology,RS2026-1166,4/15/2026,4/15/2031
Camille Testard,Bio-logging to reveal the hidden lives of Yellow-bellied marmots,"The goal of this project is to complement the outstanding long-term data collection on Yellow-bellied marmots at RMBL with bio-logging technologies which will allow for remote and continuous behavioral and physiological tracking. We will densely sample marmots? association patterns and movements throughout the day and year-round. These data will give us novel insight into marmots? subterrain behavior and movement ecology - data that is extremely difficult, if not impossible, to collect via human observations. With these new data in hand, we aim to (1) better understand how an increasingly unpredictable subalpine climate drives marmot social relationships and plasticity, (2) illuminate marmot?s below-ground social lives for the first time and how above- and below-ground behaviors covary, and (3) map wild marmot?s behavior during hibernation and how summer social behavior may drive hibernation survival and success.",Ecology and Evolutionary biology,Animal Behavior; Climate change; Long-term research,RS2026-1168,4/15/2026,4/15/2028
Savannah Troy,Phenological mismatch between birds and insects in montane meadows,"An important frontier in climate change ecology is understanding how community interactions may change because of mismatched phenological shifts. Phenological mismatch between insect prey and American migratory bird species may be emerging and is anticipated to have detrimental consequences on bird reproductive success. Moreover, the abundance and biomass of insect prey in the Rocky Mountains have declined over the past 35 years. Climate effects such as snowmelt timing are drivers of change for many taxa, and consequences may vary by elevation. I ask: Do nest provisioning rates by breeding birds change over time with invertebrate phenology during the summer breeding season in montane wet meadow habitats? Does the peak of insect prey demand by birds align with the current peak of insect abundance and biomass? Does bird reproductive success correlate with invertebrate phenology? And do these dynamics change with elevation? I have established a partnership with the Colorado Parks and Wildlife lead avian biologist (Dr. James Gammonley) with whom I will prepare outcomes of this research for use in guiding management of non-game bird species in the state. I am also studying driver behavior in response to different road signage intended to reduce small animal road mortality. I will experimentally test which style of messaging most reduces observed animal road kill events during peak summer tourism season in the back country.",Ecology and Evolutionary biology,Climate change; Community ecology; Food web biology; Insect biology; Vertebrate biology,RS2026-1169,4/15/2026,4/15/2027
Bobbi Peckarsky,"Integrating river science, education, mentoring and community connections","RMBL shares the Upper East River basin with other special interests, such as recreation, development of open space associated with the Mt. Crested Butte ski area, abstraction of water for snowmaking and irrigation, hard rock mining and cattle grazing. Such multiple uses of the basin potentially threaten the quality of the receiving streams critical not only to the integrity of the ecosystem, but also to sustaining research, education and community connection functions of RMBL. In 1976 the RMBL obtained a non-consumptive water rights (NCWR) decree that protects minimum flows in streams of the basin. Since that time stream ecologists at RMBL have used invertebrates as biological indicators of stream quality, with the objective of protecting the health and biodiversity of those streams. We have observed some concerning changes over the 50 year time course of this study. For example, changing climate conditions are causing increases in the intensity and frequency of extreme weather events, including severe floods, protracted periods of drought and increasing water temperatures, all of which have the potential to degrade the streams of our region. Periodic drought conditions, increasing water temperatures, lower snow pack and earlier spring snowmelt not only affect the distribution and abundance of sensitive species of macroinvertebrates, but also have contributed to proliferation of a nuisance diatom, Didymosphenia geminata (Didymo), which has altered its growth form and has the potential to threaten the health and biodiversity of otherwise pristine tributaries of the Colorado River. The primary goal of this project is to continue ongoing quantitative invertebrate sampling of eight streams in the Upper East River basin two times per summer, estimate biovolume of Didymo, and monitor abiotic parameters, such as water temperatures, light levels, hydrology, and conductivity. This long-term record of biotic and abiotic variables enables early detection of environmental problems and potential effects of climate change. We are positioned to influence public policy to prevent or mitigate human-mediated changes that fall outside the range of acceptable conditions needed to sustain healthy stream biota. We strive to provide a model system for assessing threats to high elevation streams such as human accelerated environmental change, extraction of mineral resources, proliferation of invasive species, population growth and streamflow diversions. This dataset obtained from relatively pristine streams within a backdrop of environmental change can thereby be used as a reference for comparison to streams in other parts of the Colorado River basin that are vulnerable to ongoing and future threats.",Ecology and Evolutionary biology,Aquatic Biology; Climate change; Community ecology; Food web biology; Hydrology; Insect biology; Long-term research,RS2026-1170,4/15/2026,4/15/2031
David Rey,"Proposed GW/SW interactions course, near on Slate River, July 2026","The U.S. Geological Survey (USGS) is holding a training course focusing on field methods for identifying and quantifying stream and groundwater connectivity. For the field components of this class, we intend to focus our stream corridor teaching efforts along the Slate River, along the reach from the Oh Be Joyful campground down to the SLAC research area/Gunsight bridge. Proposed field activities would occur between July 27th and July 31st, 2026. Proposed field components would mainly take place on 7/28 and 7/29 (the rest of the course is offered in a classroom setting), and no equipment would be left installed after the end of the training week. Proposed activities include: The brief installation of seepage meters/piezometers/permeameters, and fiber optic cable (placed at the streambed interface) for collecting distributed temperature measurements; a small drone-based data collection demonstration; non-invasive thermal methods including thermal infrared mapping with cameras and water and bed temperature collection via probes; non-invasive geophysical data collection on the streambanks; and the injection of inert tracers to identify spatially distributed groundwater inflows along the reach via dilution. We plan to make the various field data collected during the course publicly available for possible future research use, and so they could be leveraged to augment the ongoing 'baseflow' related data being collected along the Slate River by the USGS and others. The course teaching will highlight the wide range of RMBL, University, National Laboratory, and Federal data collected throughout the East River watershed related to groundwater-surface water exchange processes.",Hydrology,Hydrology,RS2026-1172,4/15/2026,4/15/2027
Israel Borokini,Species and functional shifts in plant communities under climate change,"Scientific understanding of biodiversity responses to climate change have come from ecological modeling; however, the data that go into these models are limited and violate many ecological and statistical assumptions, resulting in unreliable predictions. Therefore, long-term monitoring is the best option for investigating biodiversity shifts due to climate change, especially in areas with reduced human activities that can confound climate effects. This proposed research will revisit and survey plant communities that were surveyed by Dr. Langenheim in 1948-1952 and Dr. Zorio between 2013-2014 to investigate temporal beta diversity and community shifts due to climate change. These sites were selected along elevational gradient giving us a chance to assess plant community resilience and vulnerability under different local conditions.",Ecology and Evolutionary biology,,RS2026-1173,4/15/2026,4/15/2029
Amanda Hewes,Pollination ecology in Ipomopsis aggregata and Delphinium nelsonii,"This research description proposes two projects for the summer 2026 field season. The first project aim to investigate hummingbird pollination of Ipomopsis aggregata and Delphinium nelsonii, with a focus on quantifying the interaction outcomes for both the birds and the plants in these interaction. Specifically, this project will measure the per-visit seed set affected by Broad-tailed and Rufous hummingbirds, as well as the per-visit energy gain hummingbirds receive from consuming floral nectar. Additionally, this project will investigate whether these per-visit measures of interaction benefit are correlated with floral shape, specifically length and width. The second project aims to investigate passive acoustic monitoring as a tool for monitoring pollination visits from different pollinator guilds. Also focused on Ipomopsis aggregata and Delphinium nelsonii, this second project will deploy acoustic monitors into the field to collect recordings of pollinator visits. We will then use machine learning to determine the accuracy with which acoustic recordings can be indicative of pollinator guild (e.g., hummingbird, bee, fly).",Ecology and Evolutionary biology,Pollination; Vertebrate biology,RS2026-1174,4/15/2026,4/15/2027
Orly Lindner,The Effects of Abiotic and Biotic Factors on Bumblebee Phenology,"Bumblebee abundance at various life stages is affected by a variety of environmental factors like climate and flowers. However, how these environmental factors affect bumblebee phenology is less well understood. Life stages, called ?castes,? are specific events within the life-cycle of a bumblebee colony. They include queens, which emerge in the early season, female workers, which emerge after queens, and males, which emerge later in the summer. I propose to study the emergence timing of bumblebee castes that are found near RMBL, as they relate to floral abundance and snowmelt timing. I will study caste emergence by contributing to an 11-year long bumblebee monitoring project that includes weekly bumblebee monitoring at six distinct fieldsites, as well as weekly floral censuses of flowers pollinated by bumblebees at each of these sites. Additionally, I will assist in the collection of bumblebee legs for a 5-year genetic study on bumblebee colonies in these same sites to better understand how colony size and abundance may impact bumblebee phenology. I will leverage my past three years of fieldwork experience on these specific projects at RMBL to contribute to these long-term datasets. My results will contribute to our understanding of pollinator phenology, as well as the relationship among sequential life events in bumblebees.",Ecology and Evolutionary biology,Community ecology; Genetics; Insect biology; Long-term research; Phenology; Species Interactions,RS2026-1176,4/15/2026,4/15/2027
Melanie Kazenel,Long-term monitoring of solitary bee populations under climate change,"Understanding the consequences of climate change for insect pollinators, plants, and their interactions is critical to sustaining ecosystems and the human food supply. While mounting evidence indicates that climate change is affecting bee abundance, studies are still scarce that document the mechanisms underlying these patterns. In particular, few studies have examined the consequences of climate change for bee reproductive output and survival during different life cycle stages. To fill this knowledge gap, this long-term study aims to understand the population dynamics of solitary bee species in the family Megachilidae. These species provide an ideal study system to identify the sensitivity of solitary bee demographic metrics to climate variation.",Ecology and Evolutionary biology,Climate change; Community ecology; Insect biology; Long-term research; Phenology; Plant biology; Pollination; Species Interactions,RS2026-1177,4/15/2026,4/15/2029
Megan Whiddon,Ecological Restoration Following Impacts of Invasive Mustards,"Anthropogenic pressures such as global trade, increased human population, and climate change have led to the introduction of non-native species. As these threats intensify, there is an increasing need for understanding their impacts to native ecosystems and creating new tools restoration post-disturbance. Invasive species in high elevation ecosystems such as subalpine meadows of Colorado are becoming more common. Members of the Brassicaceae (mustards) have recently been introduced into these otherwise pristine areas and are a threat to local diversity and community dynamics. This proposal aims to understand an introduced mustard, Thlaspi arvense, its impacts to the native plant and soil-microbial communities, and to test a new restoration method using microbial inoculation in invaded areas. Over the span of 3 summer field seasons, I will conduct field surveys at Rocky Mountain Biological Laboratory to assess T. arvense damage on the diversity and functioning levels of native meadow vegetation and soil communities. A greenhouse experiment will be conducted to test if native microbial inoculation can be used to actively restore diversity and functioning levels post-disturbance. This work has the potential to increase understanding in an area of ecology that is not well understood and provide stakeholders with new, accessible restoration methods.",Biology,Climate change; Community ecology; Plant biology; Soil/microbial ecology,RS2026-1181,4/15/2026,4/15/2027
Erica Newman,Long term repeat resurveys of the Gothic earthflow plant community,"Repeat resurveys of a landslide area outside of the Gothic townsite have shown an unusual plant community that has recolonized the site in the past 100 years. This area gives us the opportunity to study plant successional communities in highly disturbed areas, in order to understand their dynamics, productivity, and species diversity. Various biodiversity patterns from macroecological theory can be tested against the data that are collected on this site, to understand how disturbance may affect the plant community structure.",Ecology and Evolutionary biology,Community ecology; Landscape biology; Theory,RS2026-1182,4/15/2026,4/15/2031
Kaysee Arrowsmith,Intra-annual variation in pollen and nectar nutrition,"I present a project to (1) assess intra-seasonal variation in the quantity and nutritional content of pollen and nectar and (2) link nutritional variation to foraging patterns in a community of wild insect pollinators. It is reasonable to expect that nutritional traits may exhibit substantive intra-seasonal variation, likely in response to phenological and environmental drivers, but we currently lack any framework for assessing the extent of such variation and how it could impact survival, foraging, and pollen transfer by insect pollinators. My goal with this project is to characterize weekly variation in nectar and pollen nutrients and assess how that variation impacts pollinator foraging and pollen collection. I hypothesize that the nutritional traits of pollen and nectar will vary in response to phenological and environmental drivers and that this intra-seasonal nutritional variation has a substantive impact on pollinator foraging.",Ecology and Evolutionary biology,Community ecology; Food web biology; Insect biology; Plant biology; Pollination; Species Interactions,RS2026-1183,4/15/2026,4/15/2029
John Lehrter,"Sinks or sources: beaver pond fluxes of carbon, nutrients, and insects","Beaver dams and their complexes of ponds and riparian wetlands are prominent features of small mountain streams and are widely recognized for their ability to alter hydrology, sedimentation, carbon and nutrient cycling, and aquatic insect communities. Yet, our understanding of whether an individual beaver dam?pond complex functions as a source or sink of carbon, nutrients, and aquatic insects remains highly uncertain. In this study, we examine how the position of beaver dams along a stream channel and the vertical height (head height) of dams influence ponds as a sink or source of downstream fluxes of carbon, nitrogen, phosphorus, and insects. Using paired upstream?downstream measurements of stream discharge, chemistry, insect communities, and greenhouse gas exchanges, together with high-resolution drone imagery that characterizes pond and floodplain elevation, geometry, and vegetation type, we will link landscape position and pond geomorphology to carbon, nutrient, and insect dynamics. This work aims to clarify when and where beaver dam?pond complexes enhance retention versus export of materials in mountain streams. The work will be performed over multiple seasons and years to assess how the dams-ponds operate during wet and dry periods. The research is part of a field course focused on aquatic ecosystems ecology and watershed processes and provides hands-on research training for undergraduate and graduate students in aquatic biogeochemistry, hydrology, and ecosystem ecology. Efforts are focused on the East River, Slate River, Oh-be-joyful Ck, and Ohio Ck drainages of the upper Gunnison River, CO watershed where beaver dams occur.",Other,Aquatic Biology; Biogeochemistry; Climate change; Food web biology; Hydrology; Insect biology; Landscape biology,RS2026-1184,6/1/2026,4/15/2029
Ceci Rigby,How do the abiotic and biotic environment shape species interactions?,"Theory predicts the conditions under which species? diets expand or contract. These predictions, such as limited food resources leading to an expanded diet breadth, have experimental support in various systems under controlled conditions. However, we know much less about how these predictions play out under realistic and variable field conditions, nor do we understand their direct and indirect biotic and abiotic drivers. Therefore, I propose to investigate the environmental drivers of interaction specialization and generalization using a long-term (11-yr, ongoing) well-studied plant-pollinator interaction system. Focusing on the floral diets of bumble bees (Bombus spp.), I will analyze how pollinator interaction specialization (i.e. diet breadth) is shaped directly and/or indirectly by biotic factors (e.g., floral abundance), abiotic factors (e.g., climate conditions), and their combinations. This work will leverage 11+ years of data on natural environmental variation and bumble bee floral resource use. While conducting this fieldwork, I will concurrently use my unique training in bumble bee nest searching to locate and document bumble bee nesting traits?the most understudied facet of their life history, and the basis of their population ecology. My results will aid in our fundamental understanding of how ecological interactions are shaped by the environment, and illuminate how plant-pollinator interactions may play out under projected environmental change. I, too, will advance our knowledge of the least understood stage of the bumble bee life cycle through collecting information on bumble bee nesting ecology. Preliminary results from this work have found diet breadth diversity amongst the bumble bee community in our system, with two major groups emerging: relative diet generalists (B. bifarius, B. flavifrons, B. mixtus, B. occidentalis, B. rufocinctus) and diet specialists (B. appositus, B. californicus, B. nevadensis). This information will be used in a structural equation model to untangle how the biotic and abiotic environment has shaped diet diversity in this bumble bee community across the last decade.",Ecology and Evolutionary biology,Pollination; Species Interactions,RS2026-1186,4/15/2026,4/15/2027
Sabine Dritz,Adaptation of bumblebee traplines to natural variation in flower density,"Bumblebee workers adaptively allocate foraging preferences both across co-occurring flower species in a flower patch and across flower patches in a landscape. These adaptive foraging behaviors improve the resilience of their foraging rates to spatial and temporal variation in resource availability. In my first dissertation chapter I characterized the functional response form of within-patch foraging rates with respect to flower density. In this project, I will characterize the functional response form of across patch foraging rates with respect to flower density. To do so I will measure how the traplines of bumblebee workers evolve during their lifetime, both in terms of patch acceptance rate and patch residence time, in response to natural variation in Delphinium barbeyi density at the Rocky Mountain Biological Laboratory (RMBL). The results of this study will be used to develop a nested functional response model accounting for adaptive foraging behavior of bumblebees both within and across patches. With this model, I will explore the resilience of bumblebee and plant populations to resource perturbations.",Ecology and Evolutionary biology,Landscape biology; Modeling; Pollination; Theory,RS2026-1187,4/15/2026,4/15/2028
Nicholas Dabagia,How does longterm N deposition impact pollination interactions in Almont?,"Nitrogen is being deposited from the atmosphere at significant levels at near-global scales, and this deposition has the potential to transform formerly nitrogen limited communities into entirely new spaces, with altered growth, traits, and interactions with other species. In spite of this significance, it is poorly understood how long term nitrogen deposition impacts plant-pollinator interactions, which are of special concern to humanity due to the billions of dollars per year that pollination represents as an ecosystem service. Through collaboration with Josh Grinath (Idaho State University), I plan to utilize his 17 year nitrogen addition experiment at the Almont Triangle (Gunnison County) to assess how plant-pollinator interactions are affected by nitrogen deposition. I will survey interactions between plants and pollinators for one hour per experimental plot per week, and then I will construct interaction networks to compare the network structure throughout the growing season between nitrogen addition plots and control plots using the r package bipartite. Ultimately, this work stands to demonstrate how nitrogen deposition (exacerbated by anthropogenic emissions) impacts plant-pollinator community structure and interactions.",Ecology and Evolutionary biology,Climate change; Climate science; Community ecology; Food web biology; Insect biology; Long-term research; Phenology; Plant biology; Pollination,RS2026-1188,4/15/2026,4/15/2027
Jonathan Raberg,Reconstructing Holocene hydroclimate from sedimentary biomarkers in lakes,"Alpine regions of the Western US are key sources of freshwater for 10s of millions of people. Modern warming and drying trends in this region threaten the security of this resource, especially in the form of a diminishing snowpack. To better understand the trajectory of water availability in the Rocky Mountains, this project aims to reconstruct (coupled) changes in temperature and hydroclimate over the past ~10,000 years by analyzing lake sediment archives. Using a combination of geophysical and sedimentological analyses, we will reconstruct fluctuations in lake water levels as they respond to prolonged (multi-millennial scale) droughts. We will additionally analyze molecular ""fossils"" - the organic remains of bacteria and vegetation on the landscape - which can provide information on temperature and precipitation regimes. These data will ultimately be used to better understand the hydrologic history of the region and improve forecasting of its future.",Earth Systems Science,Biogeochemistry; Climate change; Climate science; Geology; Hydrology; Snow Science,RS2026-1189,4/15/2026,4/15/2031
Stephanie Kampf,Stream Tracker: Documenting flow duration on non-perennial streams,,Hydrology,,RS2026-1190,4/15/2026,4/15/2029
Juliana Jiranek,Epidemiology and evolution across environments in a plant?pathogen system,"Infectious diseases vary in severity across time and space. This variation makes it difficult to forecast epidemics, so there is a need to describe the underlying factors that contribute to diverse disease outcomes across populations. A growing body of work attests to the role of environmental context in shaping epidemics. At the most basic level, environment can alter host and pathogen physiology and landscape distribution. These changes could cascade to affect host and pathogen evolution by altering selection, leading to different coevolutionary trajectories across environments. However, there are few model systems where ecological measures of disease prevalence and severity across environments can be integrated with genetic data to test hypotheses about how ecological context shapes host evolution. Established in 2018, the Flax Rust Project leverages the powerful system of Lewis flax (Linum lewisii), a supalpine wildflower abundant on the slopes near RMBL, and flax rust (Melampsora lini), its conspicuous fungal pathogen. Populations occur across a steep elevational gradient, allowing the measurement of a wide variety of weather conditions that contribute to the spread of disease. Through long-term observation of disease transmission in study populations, we investigate how hosts balance adaptation to both their abiotic environment and their pathogens. Lewis flax is also a burgeoning model system in genomics, so we can further integrate field measurements of disease with genetic information about our study populations to investigate the role of disease in molecular evolution of this host. Understanding the impacts of environment on epidemics and host evolution will shed light on how disease might be expected to shift as the climate warms and whether we expect hosts to adapt to changing pressures.",Biology,Climate change; Disease ecology; Genetics; Landscape biology; Species Interactions,RS2026-1191,6/1/2026,4/15/2028
Kailen Mooney,The role of ants in plant indirect defense,"Plants interact with both harmful insects that eat them and helpful insects that protect them. Ants often defend plants from herbivores, but they do so while farming sap-feeding aphids that produce honeydew. This means plants, aphids, and ants form a three-way relationship?one that plants may be able to influence through their own defensive chemistry. This project investigates how activating plant defense hormones affects aphid growth, which ant species arrive, and how much protection those ants ultimately provide. Because ant species differ greatly in how aggressively they defend plants, even small changes in which ants show up can alter plant outcomes. This project tests these ideas in the well-studied aspen?aphid?ant system. This project also asks whether plants can ?anticipate help? from ants. Using young aspen sunflower, the project will examine whether simple exposure to ants?before plants offer rewards?leads them to invest less in costly chemical defenses because they expect protection. Together, these studies will reveal how plants shape ant behavior and how indirect defense fits into broader plant strategies in natural communities.",Ecology and Evolutionary biology,Animal Behavior; Community ecology; Food web biology; Insect biology; Plant biology; Species Interactions; Theory,RS2026-1192,4/15/2026,4/15/2029
Guillermo Zapata,The Praxis of Climate Change Researchers,"Although there are landmark works that study the life worlds of scientists such as ""Laboratory Life"" by Bruno Latour, little attention has been paid to the ethical foundations that motivate scientists in the field. Using work such as ""Because This Land Is Who We Are: Indigenous Practices of Environmental Repossession"" as a model, this project intends to interview scientists working at RMBL in an attempt at a philosophical exploration of the virtues, experiences, and ideologies that shape the work happening on the front-line of climate change. Research at RMBL will be paired with similar ethnographies, such as of those involved in the Novel Ecosystem conference, and researchers at the University of Georgia Marine Institute at Sapelo Island.",Other,,RS2026-1193,4/15/2026,4/15/2028
Scott Thomas,Regional patterns and drivers of tiger salamander life history variation,,Ecology and Evolutionary biology,Aquatic Biology; Long-term research; Vertebrate biology,RS2026-1194,4/15/2026,4/15/2031
Greta Thoresen,Unveiling environmental determinants of nectar phenotypes in a selfer,"The evolutionary transition from outcrossing to self-pollination is known to have consequences for the genetic and morphological traits of flowering plants. However, little is known about how selection has shaped pollinator-reward phenotypes in selfers. By characterizing (1) the genetic and environmental drivers of nectar variation and (2) the ecological and evolutionary consequences of variable nectar traits in Boechera stricta, my research will explore why nectar reward phenotypes persist in this selfing species. During this project, I will phenotype nectar traits in wild populations of B. stricta at RMBL and employ a genome-wide association study under manipulated environmental conditions at the University of Chicago to determine the relative effects of genetic and environmental variation in shaping nectar traits. Furthermore, I will quantify how variation in nectar traits influence insect visitation, and how this may have shaped long-term patterns of genetic variation across the species range. Finally, I will use a common garden experiment to test whether variation in nectar traits influence fitness in natural conditions. Overall, the results will help reveal why selfing species maintain investment in nectar phenotypes, with implications for understanding genetic and environmental controls of gene flow.",Ecology and Evolutionary biology,Genetics; Insect biology; Plant biology,RS2026-1195,4/15/2026,4/15/2027
Maryela Celaya Rosas,Stomatal trait responses to climate change in the Rocky Mountains,"The RMBL turf transplant experiment, established in 2017, simulates climate change by moving large, intact blocks of plants and soil along a temperature and elevation gradient. By transplanting to the warmer and drier conditions predicted to occur with future climate change, we can observe how the plant?s stomata respond to novel environments. Although annual monitoring has already documented rapid community responses through shifts in species composition and ecosystem functioning, little is known about how stomata respond at the morphological and functional levels. The impact of stomatal traits on plant physiology and productivity points to an unresolved mechanism underlying drought stress responses. Because any change in stomatal behavior is crucial for accurately modeling carbon and water cycling under future climatic conditions, understanding stomatal morphology and its plasticity becomes essential. Additional data will also be beneficial towards collaborations with the TransPlant Network, an international group of researchers conducting similar turf transplant experiments around the world.",Ecology and Evolutionary biology,Climate change; Community ecology; Long-term research; Plant biology,RS2026-1196,4/15/2026,4/15/2027
Kelly Lesnik,Larval mayfly fear responses to predator kairomones at RMBL,"In aquatic ecosystems, predator-prey interactions are largely mediated by chemical cues. Numerous studies in the East River and its tributaries near Rocky Mountain Biological Laboratory have investigated antipredator behavior involving multiple predators (McIntosh and Peckarsky 1999), but the cues that may mediate these behaviors themselves have not been identified. Through experiments using mayfly larvae as prey, we hope to further confirm these behaviors but also identify the chemical cues the prey are exposed to. These investigations will be part of a larger study looking to determine if a universal fear cue exists across multiple aquatic ecosystems, including coastal ecosystems up into mountain river systems.",Ecology and Evolutionary biology,Animal Behavior; Community ecology,RS2026-1198,6/1/2026,4/15/2027
Bret Elderd,General Observations of Plant-Lichen \& Plant-Herbivore Interactions,"We will continue to conduct a series of surveys/observations in the US Forest Service's Gunnison District and at RMBL to examine plant-lichen associations in alpine meadows and the long-term dynamics of grasshopper populations. The research focused on plant-lichen associations will examine the variety of ways in which the plant influences lichen establishment and growth and the ways in which the lichen influences plant establishment and growth. Preliminary results indicate that the lichen's presence in xeric alpine meadows may be due to an association with the plant. However, the plant's growth appears to be independent of the lichen's presence. In the near term, we will examine the potential influence of the lichen on various aspects of the plant's life history particularly establishment. The current plan is focused on observational studies and no manipulative experiments are being planned at this time. In the near future, we are considering potential experiments that may include manipulations in the plant-lichen system.",Ecology and Evolutionary biology,Insect biology; Plant biology; Species Interactions,RS2026-1199,4/15/2026,4/15/2031
Thomas Juenger,Ipomopsis aggregata seed for pilot genetic and genomic screening,A small sample of seed will be harvested and grown in the greenhouse at my institution. These seedlings will be used to obtain genomic DNA samples that will allow testing of various sequencing technologies for potential genome assembly and characterization.,Ecology and Evolutionary biology,Climate change; Genetics; Plant biology; Species Interactions,RS2026-1276,4/15/2026,4/15/2027
Ian Breckheimer (community),The Spatial Ecology of Environmental Change in the Upper Gunnison Basin,"This project investigates how rapid climate change is reshaping the mountain landscapes of the Upper Gunnison Basin. By combining advanced technology with traditional fieldwork, the research aims to track these environmental shifts in great detail. Using drones and sensors placed in forest gaps, the team will create 3D maps of temperature and humidity to better understand how trees manage water loss. Additionally, the project will build a sustainable network of weather stations to ensure a reliable, long-term record of local climate and snow conditions, preserving crucial historical data. The team will also continue vital ongoing monitoring efforts. This includes generating ""Flower Forecasts"" to predict wildflower blooms—verified by community ""Flower Blitz"" events —and using aerial imagery paired with tree-ring analysis to monitor forest health. All collected data feeds into the RMBL Spatial Data Platform, a digital atlas that provides detailed environmental maps to scientists and the public, helping us understand the resilience of these fragile high-altitude ecosystems.",Ecology and Evolutionary biology,Atmospheric Science;Biogeochemistry;Climate change;Climate science;Community ecology;Landscape biology;Long-term research;Meteorology;Modeling;Plant biology;Snow Science,RS2026-1185,4/15/2026,4/15/2029
